,subject,annotated_feature,region,method,score
0,sub-05,pixel,MT,cca,0.1334150486866604
1,sub-05,pixel,STS,cca,0.042676402177709336
2,sub-05,hue,MT,cca,-0.04280649550327718
3,sub-05,hue,STS,cca,0.07811714362722535
4,sub-05,face,MT,cca,0.04041136102477631
5,sub-05,face,STS,cca,0.06684865593975467
6,sub-05,number of agents,MT,cca,0.015347818447408023
7,sub-05,number of agents,STS,cca,0.011519405444487485
8,sub-05,social,MT,cca,0.05932009864627843
9,sub-05,social,STS,cca,0.0423784870050707
10,sub-05,valence,MT,cca,0.0965913488692816
11,sub-05,valence,STS,cca,0.015928936873345068
12,sub-05,arousal,MT,cca,-0.08216331892035271
13,sub-05,arousal,STS,cca,0.05067892369529077
14,sub-05,pitch,MT,cca,0.07164512336041584
15,sub-05,pitch,STS,cca,-0.1136789890980064
16,sub-05,amplitude,MT,cca,-0.06427229088568454
17,sub-05,amplitude,STS,cca,-0.06567503833371542
18,sub-05,music,MT,cca,-0.03501648979915686
19,sub-05,music,STS,cca,0.08502041004033023
20,sub-05,speaking,MT,cca,-0.03627730649162
21,sub-05,speaking,STS,cca,-0.07060027721989863
22,sub-05,turn taking,MT,cca,0.027583362729955697
23,sub-05,turn taking,STS,cca,-0.03718034152911624
24,sub-05,mentalization,MT,cca,0.05519510519433459
25,sub-05,mentalization,STS,cca,0.07365993790451415
26,sub-05,written text,MT,cca,0.037448348477413206
27,sub-05,written text,STS,cca,0.05568076825728703
28,sub-06,pixel,MT,cca,0.1334150486866604
29,sub-06,pixel,STS,cca,0.05821393168242404
30,sub-06,hue,MT,cca,-0.04280649550327718
31,sub-06,hue,STS,cca,0.026371168126569255
32,sub-06,face,MT,cca,0.04041136102477631
33,sub-06,face,STS,cca,0.11107917435031256
34,sub-06,number of agents,MT,cca,0.015347818447408023
35,sub-06,number of agents,STS,cca,-0.004970237213566753
36,sub-06,social,MT,cca,0.05932009864627843
37,sub-06,social,STS,cca,0.1599931582510823
38,sub-06,valence,MT,cca,0.0965913488692816
39,sub-06,valence,STS,cca,0.15283882740202617
40,sub-06,arousal,MT,cca,-0.08216331892035271
41,sub-06,arousal,STS,cca,0.05669780213277527
42,sub-06,pitch,MT,cca,0.07164512336041584
43,sub-06,pitch,STS,cca,-0.10912610758369586
44,sub-06,amplitude,MT,cca,-0.06427229088568454
45,sub-06,amplitude,STS,cca,0.04295738849883648
46,sub-06,music,MT,cca,-0.03501648979915686
47,sub-06,music,STS,cca,0.03531601300691887
48,sub-06,speaking,MT,cca,-0.03627730649162
49,sub-06,speaking,STS,cca,0.14068887278639494
50,sub-06,turn taking,MT,cca,0.027583362729955697
51,sub-06,turn taking,STS,cca,0.11920741725222288
52,sub-06,mentalization,MT,cca,0.05519510519433459
53,sub-06,mentalization,STS,cca,0.04352397705336934
54,sub-06,written text,MT,cca,0.037448348477413206
55,sub-06,written text,STS,cca,0.06430797485287938
56,sub-07,pixel,MT,cca,0.04732295371769339
57,sub-07,pixel,STS,cca,-0.059713020927158446
58,sub-07,hue,MT,cca,-0.04192145793217687
59,sub-07,hue,STS,cca,0.12785966887593042
60,sub-07,face,MT,cca,-0.0028648738291590535
61,sub-07,face,STS,cca,-0.043294543937530586
62,sub-07,number of agents,MT,cca,0.009452377340277419
63,sub-07,number of agents,STS,cca,0.06285135815556857
64,sub-07,social,MT,cca,0.0466733749231842
65,sub-07,social,STS,cca,0.03691027644317242
66,sub-07,valence,MT,cca,-0.05738695547457684
67,sub-07,valence,STS,cca,0.04899995092746097
68,sub-07,arousal,MT,cca,0.014235884491133888
69,sub-07,arousal,STS,cca,0.01860576671513279
70,sub-07,pitch,MT,cca,0.04009153653262678
71,sub-07,pitch,STS,cca,0.04062918537807383
72,sub-07,amplitude,MT,cca,-0.06443898947532858
73,sub-07,amplitude,STS,cca,-0.05415333258795516
74,sub-07,music,MT,cca,0.013089733251205082
75,sub-07,music,STS,cca,0.012813799525183267
76,sub-07,speaking,MT,cca,0.05696784906313588
77,sub-07,speaking,STS,cca,0.03761589344581164
78,sub-07,turn taking,MT,cca,0.03932221556483366
79,sub-07,turn taking,STS,cca,-0.0583486478065041
80,sub-07,mentalization,MT,cca,0.05413592914759975
81,sub-07,mentalization,STS,cca,-0.022419482073483033
82,sub-07,written text,MT,cca,0.015245618105417158
83,sub-07,written text,STS,cca,-0.05689808526258002
84,sub-08,pixel,MT,cca,0.10227214674520298
85,sub-08,pixel,STS,cca,0.1140323585125694
86,sub-08,hue,MT,cca,0.0466481252672593
87,sub-08,hue,STS,cca,0.0017877634306053159
88,sub-08,face,MT,cca,0.07034403881113908
89,sub-08,face,STS,cca,0.09137264148440312
90,sub-08,number of agents,MT,cca,-0.06542597850858134
91,sub-08,number of agents,STS,cca,0.04637916906146371
92,sub-08,social,MT,cca,0.07090741286191657
93,sub-08,social,STS,cca,0.09249864315585184
94,sub-08,valence,MT,cca,0.1306443340460346
95,sub-08,valence,STS,cca,0.04672066988648789
96,sub-08,arousal,MT,cca,0.038772190816754516
97,sub-08,arousal,STS,cca,0.031281689115077095
98,sub-08,pitch,MT,cca,0.04713958383379191
99,sub-08,pitch,STS,cca,0.11189090221046627
100,sub-08,amplitude,MT,cca,-0.018083038350381542
101,sub-08,amplitude,STS,cca,-0.00018162456446466635
102,sub-08,music,MT,cca,0.09878426486323315
103,sub-08,music,STS,cca,0.11440878569653079
104,sub-08,speaking,MT,cca,0.043450586035242544
105,sub-08,speaking,STS,cca,0.07214405182825023
106,sub-08,turn taking,MT,cca,0.07193131510945046
107,sub-08,turn taking,STS,cca,0.022267535774715474
108,sub-08,mentalization,MT,cca,0.05468126969725127
109,sub-08,mentalization,STS,cca,0.03850254419673158
110,sub-08,written text,MT,cca,0.06168439604805638
111,sub-08,written text,STS,cca,-0.029173887656873766
112,sub-09,pixel,MT,cca,0.04751066418106442
113,sub-09,pixel,STS,cca,0.06074698074330387
114,sub-09,hue,MT,cca,-0.026008473126843623
115,sub-09,hue,STS,cca,0.03884375517800827
116,sub-09,face,MT,cca,-0.05904747359725195
117,sub-09,face,STS,cca,-0.035628885254984685
118,sub-09,number of agents,MT,cca,0.04007749253353014
119,sub-09,number of agents,STS,cca,0.07061356098439395
120,sub-09,social,MT,cca,-0.061884942409370015
121,sub-09,social,STS,cca,0.07105737196190579
122,sub-09,valence,MT,cca,0.035288899789007025
123,sub-09,valence,STS,cca,0.22427822493238417
124,sub-09,arousal,MT,cca,0.056802076159068404
125,sub-09,arousal,STS,cca,0.016093291035168034
126,sub-09,pitch,MT,cca,0.006765093511968123
127,sub-09,pitch,STS,cca,0.06702833493613818
128,sub-09,amplitude,MT,cca,-0.006238315617507273
129,sub-09,amplitude,STS,cca,-0.019537686795913035
130,sub-09,music,MT,cca,-0.01694678549560715
131,sub-09,music,STS,cca,0.10596199324068992
132,sub-09,speaking,MT,cca,-0.004940155788989142
133,sub-09,speaking,STS,cca,0.1336178357613595
134,sub-09,turn taking,MT,cca,-0.05794432630798931
135,sub-09,turn taking,STS,cca,0.06712700225587787
136,sub-09,mentalization,MT,cca,0.042244459396151866
137,sub-09,mentalization,STS,cca,0.05907922097488179
138,sub-09,written text,MT,cca,0.04437039167399344
139,sub-09,written text,STS,cca,-0.004644000640337276
140,sub-10,pixel,MT,cca,-0.02510111173356764
141,sub-10,pixel,STS,cca,0.05575662190038795
142,sub-10,hue,MT,cca,0.06671537144722431
143,sub-10,hue,STS,cca,0.03378776480672028
144,sub-10,face,MT,cca,0.04087894339706812
145,sub-10,face,STS,cca,0.08819056474112115
146,sub-10,number of agents,MT,cca,0.06174502350975257
147,sub-10,number of agents,STS,cca,-0.008968845075772757
148,sub-10,social,MT,cca,-0.0396099542907844
149,sub-10,social,STS,cca,0.10366929314690072
150,sub-10,valence,MT,cca,0.0037068277886084912
151,sub-10,valence,STS,cca,-0.05126575905762669
152,sub-10,arousal,MT,cca,-0.02559099297306384
153,sub-10,arousal,STS,cca,0.09799261136516527
154,sub-10,pitch,MT,cca,0.026677463118371537
155,sub-10,pitch,STS,cca,-0.08266181051524397
156,sub-10,amplitude,MT,cca,-0.02885975307230455
157,sub-10,amplitude,STS,cca,-0.03641651865934057
158,sub-10,music,MT,cca,-0.05844936389052584
159,sub-10,music,STS,cca,0.08241132459265348
160,sub-10,speaking,MT,cca,-0.00743445183285032
161,sub-10,speaking,STS,cca,0.09247411842686457
162,sub-10,turn taking,MT,cca,-0.02118748561316395
163,sub-10,turn taking,STS,cca,0.041917676867995836
164,sub-10,mentalization,MT,cca,0.06407251510362073
165,sub-10,mentalization,STS,cca,0.04722684692315675
166,sub-10,written text,MT,cca,-0.04829670356022777
167,sub-10,written text,STS,cca,0.025094947850167082
168,sub-14,pixel,MT,cca,0.1334150486866604
169,sub-14,pixel,STS,cca,0.06045367476064154
170,sub-14,hue,MT,cca,-0.04280649550327718
171,sub-14,hue,STS,cca,0.038890977752585806
172,sub-14,face,MT,cca,0.04041136102477631
173,sub-14,face,STS,cca,0.04119517274457278
174,sub-14,number of agents,MT,cca,0.015347818447408023
175,sub-14,number of agents,STS,cca,-0.012472211522247135
176,sub-14,social,MT,cca,0.05932009864627843
177,sub-14,social,STS,cca,0.025964497268749432
178,sub-14,valence,MT,cca,0.0965913488692816
179,sub-14,valence,STS,cca,0.030334922167644017
180,sub-14,arousal,MT,cca,-0.08216331892035271
181,sub-14,arousal,STS,cca,-0.06018330194112853
182,sub-14,pitch,MT,cca,0.07164512336041584
183,sub-14,pitch,STS,cca,0.05844427659901674
184,sub-14,amplitude,MT,cca,-0.06427229088568454
185,sub-14,amplitude,STS,cca,0.020986772074718864
186,sub-14,music,MT,cca,-0.03501648979915686
187,sub-14,music,STS,cca,0.014559797867276413
188,sub-14,speaking,MT,cca,-0.03627730649162
189,sub-14,speaking,STS,cca,0.01982505648767998
190,sub-14,turn taking,MT,cca,0.027583362729955697
191,sub-14,turn taking,STS,cca,0.03272178070338625
192,sub-14,mentalization,MT,cca,0.05519510519433459
193,sub-14,mentalization,STS,cca,-0.06563562358651298
194,sub-14,written text,MT,cca,0.037448348477413206
195,sub-14,written text,STS,cca,-0.046896064014229896
196,sub-15,pixel,MT,cca,0.12804892655137395
197,sub-15,pixel,STS,cca,0.05020312909177087
198,sub-15,hue,MT,cca,0.12099922846214724
199,sub-15,hue,STS,cca,0.07947089845029595
200,sub-15,face,MT,cca,0.039744797000650325
201,sub-15,face,STS,cca,0.028974203054604342
202,sub-15,number of agents,MT,cca,-0.01621478674658312
203,sub-15,number of agents,STS,cca,0.001765236178415308
204,sub-15,social,MT,cca,0.06725231928257117
205,sub-15,social,STS,cca,0.05226680172234803
206,sub-15,valence,MT,cca,0.12044022244982103
207,sub-15,valence,STS,cca,0.15421082816100803
208,sub-15,arousal,MT,cca,-0.06499319566582647
209,sub-15,arousal,STS,cca,-0.12950521586261493
210,sub-15,pitch,MT,cca,0.06153859394863139
211,sub-15,pitch,STS,cca,-0.03439610679097407
212,sub-15,amplitude,MT,cca,-0.03190238536864343
213,sub-15,amplitude,STS,cca,-0.024169836506619545
214,sub-15,music,MT,cca,0.1321727840830375
215,sub-15,music,STS,cca,0.06918467753237856
216,sub-15,speaking,MT,cca,-0.00015188481495622685
217,sub-15,speaking,STS,cca,0.0188604366190805
218,sub-15,turn taking,MT,cca,0.014657398623184336
219,sub-15,turn taking,STS,cca,-0.04215851801820338
220,sub-15,mentalization,MT,cca,0.023653472529441322
221,sub-15,mentalization,STS,cca,-0.004760764455022692
222,sub-15,written text,MT,cca,0.044524407287983105
223,sub-15,written text,STS,cca,0.018334712659482832
224,sub-16,pixel,MT,cca,0.1334150486866604
225,sub-16,pixel,STS,cca,-0.04553593303798935
226,sub-16,hue,MT,cca,-0.04280649550327718
227,sub-16,hue,STS,cca,0.1378904052602241
228,sub-16,face,MT,cca,0.04041136102477631
229,sub-16,face,STS,cca,0.08063547260449702
230,sub-16,number of agents,MT,cca,0.015347818447408023
231,sub-16,number of agents,STS,cca,0.08490526576824561
232,sub-16,social,MT,cca,0.05932009864627843
233,sub-16,social,STS,cca,-0.07097254125458423
234,sub-16,valence,MT,cca,0.0965913488692816
235,sub-16,valence,STS,cca,0.12132760976154629
236,sub-16,arousal,MT,cca,-0.08216331892035271
237,sub-16,arousal,STS,cca,-0.055956208355352886
238,sub-16,pitch,MT,cca,0.07164512336041584
239,sub-16,pitch,STS,cca,-0.061644327045516166
240,sub-16,amplitude,MT,cca,-0.06427229088568454
241,sub-16,amplitude,STS,cca,-0.07694853629649623
242,sub-16,music,MT,cca,-0.03501648979915686
243,sub-16,music,STS,cca,0.037926812844410775
244,sub-16,speaking,MT,cca,-0.03627730649162
245,sub-16,speaking,STS,cca,-0.020850432637412465
246,sub-16,turn taking,MT,cca,0.027583362729955697
247,sub-16,turn taking,STS,cca,-0.03368921759846919
248,sub-16,mentalization,MT,cca,0.05519510519433459
249,sub-16,mentalization,STS,cca,0.022419383489779166
250,sub-16,written text,MT,cca,0.037448348477413206
251,sub-16,written text,STS,cca,-0.06649935168389409
252,sub-19,pixel,MT,cca,0.1334150486866604
253,sub-19,pixel,STS,cca,0.08367090469286911
254,sub-19,pixel,temporal,cca,0.07798182457678778
255,sub-19,pixel,frontal,cca,-0.06677732569186472
256,sub-19,hue,MT,cca,-0.04280649550327718
257,sub-19,hue,STS,cca,0.036369441712831116
258,sub-19,hue,temporal,cca,0.0805039129224256
259,sub-19,hue,frontal,cca,0.10933550396360156
260,sub-19,face,MT,cca,0.04041136102477631
261,sub-19,face,STS,cca,0.009376353332057597
262,sub-19,face,temporal,cca,0.08205200173480383
263,sub-19,face,frontal,cca,0.01780498854907142
264,sub-19,number of agents,MT,cca,0.015347818447408023
265,sub-19,number of agents,STS,cca,0.07063810714937868
266,sub-19,number of agents,temporal,cca,0.045107405908223666
267,sub-19,number of agents,frontal,cca,0.05074976682655637
268,sub-19,social,MT,cca,0.05932009864627843
269,sub-19,social,STS,cca,0.015356698229817157
270,sub-19,social,temporal,cca,0.04263602662189221
271,sub-19,social,frontal,cca,0.05266569323883448
272,sub-19,valence,MT,cca,0.0965913488692816
273,sub-19,valence,STS,cca,0.16729889252406177
274,sub-19,valence,temporal,cca,0.16503699254371634
275,sub-19,valence,frontal,cca,0.11847209130077077
276,sub-19,arousal,MT,cca,-0.08216331892035271
277,sub-19,arousal,STS,cca,-0.011800095953409962
278,sub-19,arousal,temporal,cca,-0.13773400200664265
279,sub-19,arousal,frontal,cca,-0.07394574222438763
280,sub-19,pitch,MT,cca,0.07164512336041584
281,sub-19,pitch,STS,cca,0.039742356817451974
282,sub-19,pitch,temporal,cca,-0.00634858346155105
283,sub-19,pitch,frontal,cca,-0.008996809215286672
284,sub-19,amplitude,MT,cca,-0.06427229088568454
285,sub-19,amplitude,STS,cca,-0.015950282040675258
286,sub-19,amplitude,temporal,cca,0.01695726364272616
287,sub-19,amplitude,frontal,cca,-0.008454302202987507
288,sub-19,music,MT,cca,-0.03501648979915686
289,sub-19,music,STS,cca,0.04172726590323243
290,sub-19,music,temporal,cca,0.044235003228154525
291,sub-19,music,frontal,cca,-0.006190763679985567
292,sub-19,speaking,MT,cca,-0.03627730649162
293,sub-19,speaking,STS,cca,0.0019484786679242472
294,sub-19,speaking,temporal,cca,-0.003918466030528411
295,sub-19,speaking,frontal,cca,0.06881421443521077
296,sub-19,turn taking,MT,cca,0.027583362729955697
297,sub-19,turn taking,STS,cca,-0.025547521448330213
298,sub-19,turn taking,temporal,cca,0.046062368187820904
299,sub-19,turn taking,frontal,cca,0.063413987256149
300,sub-19,mentalization,MT,cca,0.05519510519433459
301,sub-19,mentalization,STS,cca,0.07649500045336714
302,sub-19,mentalization,temporal,cca,-0.025002934304119085
303,sub-19,mentalization,frontal,cca,0.03253100468510448
304,sub-19,written text,MT,cca,0.037448348477413206
305,sub-19,written text,STS,cca,-0.06418997269480893
306,sub-19,written text,temporal,cca,0.06482371004440593
307,sub-19,written text,frontal,cca,0.05163864245579133
308,sub-23,pixel,MT,cca,0.1334150486866604
309,sub-23,pixel,STS,cca,0.1585193915426649
310,sub-23,pixel,temporal,cca,-0.028902661121032725
311,sub-23,pixel,frontal,cca,0.14007875116525365
312,sub-23,hue,MT,cca,-0.04280649550327718
313,sub-23,hue,STS,cca,0.01153752481985646
314,sub-23,hue,temporal,cca,0.012427841612542711
315,sub-23,hue,frontal,cca,-0.00013300153583479802
316,sub-23,face,MT,cca,0.04041136102477631
317,sub-23,face,STS,cca,0.18377242286598952
318,sub-23,face,temporal,cca,0.06032988138384798
319,sub-23,face,frontal,cca,0.17353218626340575
320,sub-23,number of agents,MT,cca,0.015347818447408023
321,sub-23,number of agents,STS,cca,-0.03572106161493562
322,sub-23,number of agents,temporal,cca,-0.030133583928984752
323,sub-23,number of agents,frontal,cca,0.02814501706810808
324,sub-23,social,MT,cca,0.05932009864627843
325,sub-23,social,STS,cca,0.11778041921706346
326,sub-23,social,temporal,cca,0.08834210034836606
327,sub-23,social,frontal,cca,0.14513169921187133
328,sub-23,valence,MT,cca,0.0965913488692816
329,sub-23,valence,STS,cca,0.19706147398820456
330,sub-23,valence,temporal,cca,0.1454575908263175
331,sub-23,valence,frontal,cca,0.16487136425711682
332,sub-23,arousal,MT,cca,-0.08216331892035271
333,sub-23,arousal,STS,cca,0.06888210688522259
334,sub-23,arousal,temporal,cca,-0.06097894025575361
335,sub-23,arousal,frontal,cca,0.07757350110176371
336,sub-23,pitch,MT,cca,0.07164512336041584
337,sub-23,pitch,STS,cca,0.019580245957265884
338,sub-23,pitch,temporal,cca,0.05388687516886943
339,sub-23,pitch,frontal,cca,-0.04068248169501691
340,sub-23,amplitude,MT,cca,-0.06427229088568454
341,sub-23,amplitude,STS,cca,0.11528192126946032
342,sub-23,amplitude,temporal,cca,0.10730687418564559
343,sub-23,amplitude,frontal,cca,0.026785385099333058
344,sub-23,music,MT,cca,-0.03501648979915686
345,sub-23,music,STS,cca,-0.04476051802566276
346,sub-23,music,temporal,cca,-0.02148549180929902
347,sub-23,music,frontal,cca,0.0576213070997051
348,sub-23,speaking,MT,cca,-0.03627730649162
349,sub-23,speaking,STS,cca,0.11809794118026837
350,sub-23,speaking,temporal,cca,0.06875951379232212
351,sub-23,speaking,frontal,cca,0.1068849005344116
352,sub-23,turn taking,MT,cca,0.027583362729955697
353,sub-23,turn taking,STS,cca,0.09374250404163775
354,sub-23,turn taking,temporal,cca,0.08187149165233092
355,sub-23,turn taking,frontal,cca,0.08576869430677739
356,sub-23,mentalization,MT,cca,0.05519510519433459
357,sub-23,mentalization,STS,cca,0.08805942203904285
358,sub-23,mentalization,temporal,cca,-0.09168852397776332
359,sub-23,mentalization,frontal,cca,0.12502743915736453
360,sub-23,written text,MT,cca,0.037448348477413206
361,sub-23,written text,STS,cca,0.04292406932607458
362,sub-23,written text,temporal,cca,0.029111527781262803
363,sub-23,written text,frontal,cca,0.04110498703936738
364,sub-25,pixel,MT,cca,0.1334150486866604
365,sub-25,pixel,STS,cca,0.017573662372098165
366,sub-25,pixel,temporal,cca,0.15032735065270758
367,sub-25,pixel,frontal,cca,0.059402823976888765
368,sub-25,hue,MT,cca,-0.04280649550327718
369,sub-25,hue,STS,cca,0.1313151086151509
370,sub-25,hue,temporal,cca,0.06345402471648284
371,sub-25,hue,frontal,cca,0.05856673829084671
372,sub-25,face,MT,cca,0.04041136102477631
373,sub-25,face,STS,cca,0.09005044676805292
374,sub-25,face,temporal,cca,0.1654557211013219
375,sub-25,face,frontal,cca,0.023725998926405634
376,sub-25,number of agents,MT,cca,0.015347818447408023
377,sub-25,number of agents,STS,cca,-0.03342913222135398
378,sub-25,number of agents,temporal,cca,0.01793016920508428
379,sub-25,number of agents,frontal,cca,0.024483048055534407
380,sub-25,social,MT,cca,0.05932009864627843
381,sub-25,social,STS,cca,0.09628164618424742
382,sub-25,social,temporal,cca,0.09202668617194525
383,sub-25,social,frontal,cca,0.06447419156550109
384,sub-25,valence,MT,cca,0.0965913488692816
385,sub-25,valence,STS,cca,0.060152822494144866
386,sub-25,valence,temporal,cca,0.2042196939584071
387,sub-25,valence,frontal,cca,0.15037019018004014
388,sub-25,arousal,MT,cca,-0.08216331892035271
389,sub-25,arousal,STS,cca,0.032283693196149744
390,sub-25,arousal,temporal,cca,0.021159422265517813
391,sub-25,arousal,frontal,cca,-0.060693426674919324
392,sub-25,pitch,MT,cca,0.07164512336041584
393,sub-25,pitch,STS,cca,-0.07394721583737116
394,sub-25,pitch,temporal,cca,0.010173755198288559
395,sub-25,pitch,frontal,cca,-0.04398833323263431
396,sub-25,amplitude,MT,cca,-0.06427229088568454
397,sub-25,amplitude,STS,cca,-0.08939590863757678
398,sub-25,amplitude,temporal,cca,0.001833352477809269
399,sub-25,amplitude,frontal,cca,-0.03275334395685181
400,sub-25,music,MT,cca,-0.03501648979915686
401,sub-25,music,STS,cca,-0.02814022617805172
402,sub-25,music,temporal,cca,0.06323505391878541
403,sub-25,music,frontal,cca,0.052697581719062844
404,sub-25,speaking,MT,cca,-0.03627730649162
405,sub-25,speaking,STS,cca,0.0983774433187616
406,sub-25,speaking,temporal,cca,0.09171936873250641
407,sub-25,speaking,frontal,cca,0.01815359383168811
408,sub-25,turn taking,MT,cca,0.027583362729955697
409,sub-25,turn taking,STS,cca,0.033264551471519875
410,sub-25,turn taking,temporal,cca,0.07962483069967682
411,sub-25,turn taking,frontal,cca,-0.05558213577237978
412,sub-25,mentalization,MT,cca,0.05519510519433459
413,sub-25,mentalization,STS,cca,0.08208425184282109
414,sub-25,mentalization,temporal,cca,0.09183658029792277
415,sub-25,mentalization,frontal,cca,-0.007425337544291111
416,sub-25,written text,MT,cca,0.037448348477413206
417,sub-25,written text,STS,cca,0.01075439009938659
418,sub-25,written text,temporal,cca,0.04597569038087366
419,sub-25,written text,frontal,cca,0.03225176511923635
420,sub-26,pixel,MT,cca,0.08866213338379976
421,sub-26,pixel,STS,cca,0.08688902963261409
422,sub-26,pixel,temporal,cca,-0.05188522531348623
423,sub-26,pixel,frontal,cca,0.20020632915825737
424,sub-26,hue,MT,cca,0.04067985442119828
425,sub-26,hue,STS,cca,0.012841356601955711
426,sub-26,hue,temporal,cca,-0.019703023571371346
427,sub-26,hue,frontal,cca,0.013054655979041475
428,sub-26,face,MT,cca,0.07232798366929619
429,sub-26,face,STS,cca,0.040252149243572254
430,sub-26,face,temporal,cca,0.06103584923196488
431,sub-26,face,frontal,cca,0.03839942966888712
432,sub-26,number of agents,MT,cca,0.012145544012827992
433,sub-26,number of agents,STS,cca,0.042075413101531935
434,sub-26,number of agents,temporal,cca,0.060711260061529604
435,sub-26,number of agents,frontal,cca,0.05827726001481839
436,sub-26,social,MT,cca,0.09303812970596925
437,sub-26,social,STS,cca,0.07086806802374176
438,sub-26,social,temporal,cca,-0.019429903282239702
439,sub-26,social,frontal,cca,-0.09044808694892856
440,sub-26,valence,MT,cca,0.10211185799051217
441,sub-26,valence,STS,cca,0.05692795351064752
442,sub-26,valence,temporal,cca,0.06673810883132854
443,sub-26,valence,frontal,cca,0.08696174586774619
444,sub-26,arousal,MT,cca,0.06539774734238828
445,sub-26,arousal,STS,cca,0.11289103295368581
446,sub-26,arousal,temporal,cca,0.03515885239570329
447,sub-26,arousal,frontal,cca,0.06090389981433988
448,sub-26,pitch,MT,cca,0.04647810391170999
449,sub-26,pitch,STS,cca,0.06649400194825303
450,sub-26,pitch,temporal,cca,-0.015504048171308816
451,sub-26,pitch,frontal,cca,0.048595956414396624
452,sub-26,amplitude,MT,cca,0.06725819285116856
453,sub-26,amplitude,STS,cca,0.03067286173533441
454,sub-26,amplitude,temporal,cca,0.04135041868215925
455,sub-26,amplitude,frontal,cca,0.0057609779373869905
456,sub-26,music,MT,cca,0.11561090307617543
457,sub-26,music,STS,cca,0.1026432656749443
458,sub-26,music,temporal,cca,-0.00501245989033392
459,sub-26,music,frontal,cca,0.12182531930119009
460,sub-26,speaking,MT,cca,0.0787091471810887
461,sub-26,speaking,STS,cca,0.04302851760065052
462,sub-26,speaking,temporal,cca,-0.02941385122994189
463,sub-26,speaking,frontal,cca,-0.08735361874616554
464,sub-26,turn taking,MT,cca,-0.0510989700766066
465,sub-26,turn taking,STS,cca,-0.009562530278071546
466,sub-26,turn taking,temporal,cca,0.005717056148724642
467,sub-26,turn taking,frontal,cca,-0.06417290316897603
468,sub-26,mentalization,MT,cca,0.10466651546083398
469,sub-26,mentalization,STS,cca,0.07113487444232658
470,sub-26,mentalization,temporal,cca,0.006970521384190587
471,sub-26,mentalization,frontal,cca,0.06728803827889122
472,sub-26,written text,MT,cca,-0.01826571149545313
473,sub-26,written text,STS,cca,0.037324130893764094
474,sub-26,written text,temporal,cca,-0.020203555523510254
475,sub-26,written text,frontal,cca,-0.06957968691778842
476,sub-28,pixel,MT,cca,-0.11257518830147137
477,sub-28,pixel,STS,cca,0.043365943349436484
478,sub-28,pixel,temporal,cca,0.10493850409252588
479,sub-28,pixel,frontal,cca,0.03878949711984494
480,sub-28,hue,MT,cca,0.11182722869911665
481,sub-28,hue,STS,cca,0.042572089859175447
482,sub-28,hue,temporal,cca,0.061792172738262076
483,sub-28,hue,frontal,cca,0.07231730982902737
484,sub-28,face,MT,cca,-0.07852200644506828
485,sub-28,face,STS,cca,0.02503395338784604
486,sub-28,face,temporal,cca,0.03809730597735257
487,sub-28,face,frontal,cca,0.0545374750977321
488,sub-28,number of agents,MT,cca,-9.882743395142057e-05
489,sub-28,number of agents,STS,cca,-0.04922675197600683
490,sub-28,number of agents,temporal,cca,-0.024568524622578903
491,sub-28,number of agents,frontal,cca,-0.04292866636991257
492,sub-28,social,MT,cca,-0.02454068298087848
493,sub-28,social,STS,cca,-0.06209099734211436
494,sub-28,social,temporal,cca,0.01528873766069403
495,sub-28,social,frontal,cca,0.02337490378400431
496,sub-28,valence,MT,cca,0.06356531752435872
497,sub-28,valence,STS,cca,0.08299492195205471
498,sub-28,valence,temporal,cca,0.18473260915350426
499,sub-28,valence,frontal,cca,0.1558859978793107
500,sub-28,arousal,MT,cca,0.031564100816478424
501,sub-28,arousal,STS,cca,0.05942707537996368
502,sub-28,arousal,temporal,cca,0.12179457887385156
503,sub-28,arousal,frontal,cca,-0.0005985745073153082
504,sub-28,pitch,MT,cca,0.044167339547407744
505,sub-28,pitch,STS,cca,-0.03906514511581742
506,sub-28,pitch,temporal,cca,0.04357182109118725
507,sub-28,pitch,frontal,cca,-0.03081674739002067
508,sub-28,amplitude,MT,cca,0.024285916789412963
509,sub-28,amplitude,STS,cca,0.06229699761997396
510,sub-28,amplitude,temporal,cca,0.07216386959005253
511,sub-28,amplitude,frontal,cca,0.024741430596311044
512,sub-28,music,MT,cca,0.15136280584183534
513,sub-28,music,STS,cca,-0.04701005517860899
514,sub-28,music,temporal,cca,0.08232946862103793
515,sub-28,music,frontal,cca,0.012567132173573326
516,sub-28,speaking,MT,cca,-0.007228150963568681
517,sub-28,speaking,STS,cca,-0.039777067366682385
518,sub-28,speaking,temporal,cca,0.07996460021544154
519,sub-28,speaking,frontal,cca,-0.10421811914755794
520,sub-28,turn taking,MT,cca,0.018392002745003612
521,sub-28,turn taking,STS,cca,0.032668582959736917
522,sub-28,turn taking,temporal,cca,0.07885576616410861
523,sub-28,turn taking,frontal,cca,0.07060939484331223
524,sub-28,mentalization,MT,cca,0.0025931363197325254
525,sub-28,mentalization,STS,cca,0.031596505360587133
526,sub-28,mentalization,temporal,cca,-0.0016053810973203574
527,sub-28,mentalization,frontal,cca,-0.06398346209534367
528,sub-28,written text,MT,cca,0.04150389279230722
529,sub-28,written text,STS,cca,-0.046362190179703375
530,sub-28,written text,temporal,cca,-0.008547459141811875
531,sub-28,written text,frontal,cca,0.05077737049477591
532,sub-32,pixel,MT,cca,0.1334150486866604
533,sub-32,pixel,STS,cca,0.11424715155853966
534,sub-32,pixel,temporal,cca,0.14743158368048875
535,sub-32,pixel,frontal,cca,-0.036667407261377113
536,sub-32,hue,MT,cca,-0.04280649550327718
537,sub-32,hue,STS,cca,0.04456775086607907
538,sub-32,hue,temporal,cca,0.08804982502442674
539,sub-32,hue,frontal,cca,-0.05324343622471028
540,sub-32,face,MT,cca,0.04041136102477631
541,sub-32,face,STS,cca,0.06268833058370712
542,sub-32,face,temporal,cca,0.08190543763738596
543,sub-32,face,frontal,cca,-0.00796572922331642
544,sub-32,number of agents,MT,cca,0.015347818447408023
545,sub-32,number of agents,STS,cca,0.018861225637864586
546,sub-32,number of agents,temporal,cca,0.04000474445625557
547,sub-32,number of agents,frontal,cca,0.01542464965789887
548,sub-32,social,MT,cca,0.05932009864627843
549,sub-32,social,STS,cca,0.09997288660166151
550,sub-32,social,temporal,cca,0.06596243138606303
551,sub-32,social,frontal,cca,0.012134055520568187
552,sub-32,valence,MT,cca,0.0965913488692816
553,sub-32,valence,STS,cca,0.150230349931304
554,sub-32,valence,temporal,cca,0.13079319483655052
555,sub-32,valence,frontal,cca,0.09183227738150232
556,sub-32,arousal,MT,cca,-0.08216331892035271
557,sub-32,arousal,STS,cca,0.11052257705781199
558,sub-32,arousal,temporal,cca,0.07096003060476538
559,sub-32,arousal,frontal,cca,-0.044630307212120135
560,sub-32,pitch,MT,cca,0.07164512336041584
561,sub-32,pitch,STS,cca,-0.12697815870047185
562,sub-32,pitch,temporal,cca,0.039705349302846346
563,sub-32,pitch,frontal,cca,-0.13515644491489484
564,sub-32,amplitude,MT,cca,-0.06427229088568454
565,sub-32,amplitude,STS,cca,0.03855904607079095
566,sub-32,amplitude,temporal,cca,-0.0009993464425518627
567,sub-32,amplitude,frontal,cca,0.0217353900053046
568,sub-32,music,MT,cca,-0.03501648979915686
569,sub-32,music,STS,cca,0.021273925061371712
570,sub-32,music,temporal,cca,0.08733828111275757
571,sub-32,music,frontal,cca,0.023109421720563007
572,sub-32,speaking,MT,cca,-0.03627730649162
573,sub-32,speaking,STS,cca,0.03537683335810131
574,sub-32,speaking,temporal,cca,0.03924144656054327
575,sub-32,speaking,frontal,cca,-0.030033789266396594
576,sub-32,turn taking,MT,cca,0.027583362729955697
577,sub-32,turn taking,STS,cca,0.0620150561980668
578,sub-32,turn taking,temporal,cca,-0.05396063778562874
579,sub-32,turn taking,frontal,cca,0.07324347109776545
580,sub-32,mentalization,MT,cca,0.05519510519433459
581,sub-32,mentalization,STS,cca,0.024963021222097637
582,sub-32,mentalization,temporal,cca,0.05346674197488679
583,sub-32,mentalization,frontal,cca,-0.05663796753012795
584,sub-32,written text,MT,cca,0.037448348477413206
585,sub-32,written text,STS,cca,0.07943628854002031
586,sub-32,written text,temporal,cca,-0.018625697826081276
587,sub-32,written text,frontal,cca,0.07754586487282995
588,sub-33,pixel,MT,cca,0.12213128895221023
589,sub-33,pixel,STS,cca,0.03116524353164416
590,sub-33,pixel,temporal,cca,0.033691254403549385
591,sub-33,pixel,frontal,cca,0.08125317591324735
592,sub-33,hue,MT,cca,-0.08302404123873056
593,sub-33,hue,STS,cca,0.1395481214831747
594,sub-33,hue,temporal,cca,0.027978772003407815
595,sub-33,hue,frontal,cca,-0.06306971748846799
596,sub-33,face,MT,cca,0.038576765775245936
597,sub-33,face,STS,cca,-0.05693475661132412
598,sub-33,face,temporal,cca,0.06909574991953141
599,sub-33,face,frontal,cca,0.07597479710347994
600,sub-33,number of agents,MT,cca,0.013932229198095425
601,sub-33,number of agents,STS,cca,-0.02426252697213762
602,sub-33,number of agents,temporal,cca,0.033244718775798245
603,sub-33,number of agents,frontal,cca,0.03865588188944298
604,sub-33,social,MT,cca,0.07362136344579709
605,sub-33,social,STS,cca,0.003370499517286607
606,sub-33,social,temporal,cca,0.04369118370080085
607,sub-33,social,frontal,cca,0.09494432539567446
608,sub-33,valence,MT,cca,0.10734299589394261
609,sub-33,valence,STS,cca,0.055846539283942453
610,sub-33,valence,temporal,cca,0.07031958382681776
611,sub-33,valence,frontal,cca,0.11613056200611598
612,sub-33,arousal,MT,cca,-0.04149842683279277
613,sub-33,arousal,STS,cca,0.03727854518595915
614,sub-33,arousal,temporal,cca,0.06435651026195019
615,sub-33,arousal,frontal,cca,0.05440590681362636
616,sub-33,pitch,MT,cca,0.08923333487493404
617,sub-33,pitch,STS,cca,0.007926273705712038
618,sub-33,pitch,temporal,cca,-0.012310311470026324
619,sub-33,pitch,frontal,cca,0.1473732249661634
620,sub-33,amplitude,MT,cca,-0.05317305674111243
621,sub-33,amplitude,STS,cca,0.020724076017485937
622,sub-33,amplitude,temporal,cca,0.016067913620963825
623,sub-33,amplitude,frontal,cca,0.11594182282278384
624,sub-33,music,MT,cca,-0.02179011588454225
625,sub-33,music,STS,cca,0.05081082243153112
626,sub-33,music,temporal,cca,-0.036121190190445615
627,sub-33,music,frontal,cca,0.07016473461447807
628,sub-33,speaking,MT,cca,-0.007929939824653731
629,sub-33,speaking,STS,cca,-0.022026594189604575
630,sub-33,speaking,temporal,cca,0.0669742508889355
631,sub-33,speaking,frontal,cca,0.09186908718584674
632,sub-33,turn taking,MT,cca,0.033056371078530676
633,sub-33,turn taking,STS,cca,-0.06175354474963266
634,sub-33,turn taking,temporal,cca,0.004038953116489807
635,sub-33,turn taking,frontal,cca,0.04422274330339704
636,sub-33,mentalization,MT,cca,0.051357475918314986
637,sub-33,mentalization,STS,cca,-0.07462239713410543
638,sub-33,mentalization,temporal,cca,-0.058632078341939044
639,sub-33,mentalization,frontal,cca,-0.025297943344043162
640,sub-33,written text,MT,cca,0.018698801898501684
641,sub-33,written text,STS,cca,0.04166078791315227
642,sub-33,written text,temporal,cca,-0.02862298845016544
643,sub-33,written text,frontal,cca,-0.061234089354513174
644,sub-35,pixel,MT,cca,0.046006217253066174
645,sub-35,pixel,STS,cca,-0.12750291752311665
646,sub-35,pixel,temporal,cca,-0.06864871889433533
647,sub-35,pixel,frontal,cca,0.014713963158597876
648,sub-35,hue,MT,cca,0.009499234523844224
649,sub-35,hue,STS,cca,0.08307021849250865
650,sub-35,hue,temporal,cca,0.09484951942965494
651,sub-35,hue,frontal,cca,0.004227485232097594
652,sub-35,face,MT,cca,0.035293177338365435
653,sub-35,face,STS,cca,-0.0205351066280429
654,sub-35,face,temporal,cca,-0.011242278040887354
655,sub-35,face,frontal,cca,0.05542890877681102
656,sub-35,number of agents,MT,cca,-0.01073625849431925
657,sub-35,number of agents,STS,cca,0.012657488918532023
658,sub-35,number of agents,temporal,cca,-0.08533832659905809
659,sub-35,number of agents,frontal,cca,-0.005245603930024889
660,sub-35,social,MT,cca,0.016365362048913458
661,sub-35,social,STS,cca,0.028146152267967704
662,sub-35,social,temporal,cca,-0.06562579934214999
663,sub-35,social,frontal,cca,0.11398165172562962
664,sub-35,valence,MT,cca,-0.011123793122674929
665,sub-35,valence,STS,cca,0.03798884967906604
666,sub-35,valence,temporal,cca,0.0802841768039495
667,sub-35,valence,frontal,cca,0.16807407311375494
668,sub-35,arousal,MT,cca,0.033870826525399654
669,sub-35,arousal,STS,cca,-0.08467328787587684
670,sub-35,arousal,temporal,cca,-0.08161697008066413
671,sub-35,arousal,frontal,cca,0.0034739053753488846
672,sub-35,pitch,MT,cca,0.061058005797969404
673,sub-35,pitch,STS,cca,0.031829688007800526
674,sub-35,pitch,temporal,cca,-0.011341321289530738
675,sub-35,pitch,frontal,cca,-0.08513350896492788
676,sub-35,amplitude,MT,cca,-0.061547180841946304
677,sub-35,amplitude,STS,cca,0.08154500551131685
678,sub-35,amplitude,temporal,cca,-0.007065272177031323
679,sub-35,amplitude,frontal,cca,-0.006974929772641381
680,sub-35,music,MT,cca,0.027993998140989483
681,sub-35,music,STS,cca,0.05602063666603443
682,sub-35,music,temporal,cca,0.028878362637808096
683,sub-35,music,frontal,cca,0.029485534001094372
684,sub-35,speaking,MT,cca,0.004440640066901392
685,sub-35,speaking,STS,cca,0.023801119796398963
686,sub-35,speaking,temporal,cca,-0.05736582926087497
687,sub-35,speaking,frontal,cca,0.09145571087473119
688,sub-35,turn taking,MT,cca,-0.013809953773724893
689,sub-35,turn taking,STS,cca,0.0016167187462365674
690,sub-35,turn taking,temporal,cca,0.030311086188455814
691,sub-35,turn taking,frontal,cca,0.04151946007682965
692,sub-35,mentalization,MT,cca,0.04053788504834088
693,sub-35,mentalization,STS,cca,0.035911679721730747
694,sub-35,mentalization,temporal,cca,0.05585524964212971
695,sub-35,mentalization,frontal,cca,0.06071985620433211
696,sub-35,written text,MT,cca,0.011029307092773189
697,sub-35,written text,STS,cca,-0.05646577788455418
698,sub-35,written text,temporal,cca,0.02475629037582543
699,sub-35,written text,frontal,cca,-0.06457423105523512
700,sub-36,pixel,MT,cca,0.05107177557058538
701,sub-36,pixel,STS,cca,0.04910265506346123
702,sub-36,pixel,temporal,cca,0.028872373511873172
703,sub-36,pixel,frontal,cca,0.04513461949985866
704,sub-36,hue,MT,cca,-0.007990296709947175
705,sub-36,hue,STS,cca,0.06129329957915304
706,sub-36,hue,temporal,cca,0.10842638130256495
707,sub-36,hue,frontal,cca,-0.0018825895397314829
708,sub-36,face,MT,cca,0.014294494576706817
709,sub-36,face,STS,cca,0.07159430521961341
710,sub-36,face,temporal,cca,0.021724447742197485
711,sub-36,face,frontal,cca,-0.014613804739504266
712,sub-36,number of agents,MT,cca,-0.043899553304713824
713,sub-36,number of agents,STS,cca,-0.05970039679446611
714,sub-36,number of agents,temporal,cca,0.08609451383473676
715,sub-36,number of agents,frontal,cca,0.027336233200213056
716,sub-36,social,MT,cca,-0.039676042586628955
717,sub-36,social,STS,cca,0.06109550046426282
718,sub-36,social,temporal,cca,0.03736403576388407
719,sub-36,social,frontal,cca,0.018622378409749053
720,sub-36,valence,MT,cca,0.14686856304292112
721,sub-36,valence,STS,cca,0.029615546868733134
722,sub-36,valence,temporal,cca,-0.011060378756229916
723,sub-36,valence,frontal,cca,0.0375028110162565
724,sub-36,arousal,MT,cca,-0.050828137111233726
725,sub-36,arousal,STS,cca,0.021581991174574267
726,sub-36,arousal,temporal,cca,0.06287984572695737
727,sub-36,arousal,frontal,cca,0.036143084200488416
728,sub-36,pitch,MT,cca,-0.004591292120282508
729,sub-36,pitch,STS,cca,0.002786364535785002
730,sub-36,pitch,temporal,cca,0.10619236217810527
731,sub-36,pitch,frontal,cca,-0.10267460645011348
732,sub-36,amplitude,MT,cca,0.04743481647493952
733,sub-36,amplitude,STS,cca,-0.0685662403524638
734,sub-36,amplitude,temporal,cca,0.0712599916480003
735,sub-36,amplitude,frontal,cca,-0.029963475053989684
736,sub-36,music,MT,cca,-0.09754121529833593
737,sub-36,music,STS,cca,-0.07550909184402961
738,sub-36,music,temporal,cca,0.15393639658557948
739,sub-36,music,frontal,cca,0.0784137929515765
740,sub-36,speaking,MT,cca,-0.09715751406584665
741,sub-36,speaking,STS,cca,0.07388005357515545
742,sub-36,speaking,temporal,cca,0.055313644402514225
743,sub-36,speaking,frontal,cca,0.011098008890770528
744,sub-36,turn taking,MT,cca,0.04379383524749987
745,sub-36,turn taking,STS,cca,0.05336865289762214
746,sub-36,turn taking,temporal,cca,0.04993612670751681
747,sub-36,turn taking,frontal,cca,0.08179352332471237
748,sub-36,mentalization,MT,cca,-0.09468691121400959
749,sub-36,mentalization,STS,cca,0.07625241966728424
750,sub-36,mentalization,temporal,cca,0.06490146919228348
751,sub-36,mentalization,frontal,cca,-0.050729665607495256
752,sub-36,written text,MT,cca,0.051371547480947764
753,sub-36,written text,STS,cca,-0.0311076923722728
754,sub-36,written text,temporal,cca,0.015757521127368036
755,sub-36,written text,frontal,cca,0.00524226421380154
756,sub-38,pixel,MT,cca,0.01717248538543792
757,sub-38,pixel,STS,cca,0.01417180883478022
758,sub-38,pixel,temporal,cca,0.046171119936082805
759,sub-38,pixel,frontal,cca,-0.054983742477059484
760,sub-38,hue,MT,cca,0.08242560558481601
761,sub-38,hue,STS,cca,0.09540602992431332
762,sub-38,hue,temporal,cca,0.03879022563475694
763,sub-38,hue,frontal,cca,0.056421404191497014
764,sub-38,face,MT,cca,0.03816907642721423
765,sub-38,face,STS,cca,0.05418383562888316
766,sub-38,face,temporal,cca,0.02311487438511408
767,sub-38,face,frontal,cca,0.016794437918703675
768,sub-38,number of agents,MT,cca,0.04324470326592651
769,sub-38,number of agents,STS,cca,0.06146801048232982
770,sub-38,number of agents,temporal,cca,-0.03771091395325108
771,sub-38,number of agents,frontal,cca,-0.0027146084827360585
772,sub-38,social,MT,cca,-0.06438103669619491
773,sub-38,social,STS,cca,-0.09815209233212221
774,sub-38,social,temporal,cca,0.05472078062331622
775,sub-38,social,frontal,cca,0.004149628067706445
776,sub-38,valence,MT,cca,0.14372574396843713
777,sub-38,valence,STS,cca,0.12872672369857066
778,sub-38,valence,temporal,cca,0.1007860625291436
779,sub-38,valence,frontal,cca,0.10760898332289773
780,sub-38,arousal,MT,cca,-0.025501865469989893
781,sub-38,arousal,STS,cca,0.03083159007041041
782,sub-38,arousal,temporal,cca,0.11566000817601281
783,sub-38,arousal,frontal,cca,0.0758221005676083
784,sub-38,pitch,MT,cca,0.046736918939895844
785,sub-38,pitch,STS,cca,0.04989972781330128
786,sub-38,pitch,temporal,cca,0.1028147371078532
787,sub-38,pitch,frontal,cca,-0.02878407227635149
788,sub-38,amplitude,MT,cca,0.023328608157110065
789,sub-38,amplitude,STS,cca,0.020357134503297326
790,sub-38,amplitude,temporal,cca,0.03702856417242963
791,sub-38,amplitude,frontal,cca,0.02969240276493319
792,sub-38,music,MT,cca,0.06060953726861253
793,sub-38,music,STS,cca,0.11061532286340237
794,sub-38,music,temporal,cca,0.11398504514139
795,sub-38,music,frontal,cca,0.08262407593618745
796,sub-38,speaking,MT,cca,-0.06772858737579823
797,sub-38,speaking,STS,cca,-0.06424423921110274
798,sub-38,speaking,temporal,cca,-0.0559606226347882
799,sub-38,speaking,frontal,cca,0.02413994695772499
800,sub-38,turn taking,MT,cca,-0.02399140802355859
801,sub-38,turn taking,STS,cca,0.017820312902418013
802,sub-38,turn taking,temporal,cca,0.008579759134063902
803,sub-38,turn taking,frontal,cca,-0.0012838788542653523
804,sub-38,mentalization,MT,cca,0.04440820212904199
805,sub-38,mentalization,STS,cca,0.015694469970128598
806,sub-38,mentalization,temporal,cca,0.04559504211372647
807,sub-38,mentalization,frontal,cca,-0.04597426552847148
808,sub-38,written text,MT,cca,0.023227320569672784
809,sub-38,written text,STS,cca,-0.028651694824488105
810,sub-38,written text,temporal,cca,0.012698808277706442
811,sub-38,written text,frontal,cca,-0.07300181091438347
812,sub-39,pixel,MT,cca,0.04054581223934974
813,sub-39,pixel,STS,cca,0.046105058942121246
814,sub-39,pixel,temporal,cca,0.006606114174850486
815,sub-39,pixel,frontal,cca,0.02441183615334932
816,sub-39,hue,MT,cca,-0.032835700349997964
817,sub-39,hue,STS,cca,0.13055326652046775
818,sub-39,hue,temporal,cca,0.07078556619283038
819,sub-39,hue,frontal,cca,0.03667368203653618
820,sub-39,face,MT,cca,0.03250434092444752
821,sub-39,face,STS,cca,-0.013155035649235147
822,sub-39,face,temporal,cca,0.12116893995709903
823,sub-39,face,frontal,cca,0.08754010304753175
824,sub-39,number of agents,MT,cca,-0.018811160977598385
825,sub-39,number of agents,STS,cca,-0.04334559324402376
826,sub-39,number of agents,temporal,cca,-0.07305955540109595
827,sub-39,number of agents,frontal,cca,0.05748329414571098
828,sub-39,social,MT,cca,0.06316245155850372
829,sub-39,social,STS,cca,-0.017384225853216972
830,sub-39,social,temporal,cca,0.10964255703747287
831,sub-39,social,frontal,cca,0.02082087989800958
832,sub-39,valence,MT,cca,0.001002656760336018
833,sub-39,valence,STS,cca,0.07512996651387445
834,sub-39,valence,temporal,cca,0.11963455114898588
835,sub-39,valence,frontal,cca,0.15685748315750708
836,sub-39,arousal,MT,cca,-0.021598022867426358
837,sub-39,arousal,STS,cca,-0.04285464830596179
838,sub-39,arousal,temporal,cca,-0.01978861229639146
839,sub-39,arousal,frontal,cca,0.006848196451053434
840,sub-39,pitch,MT,cca,-0.03144964745807621
841,sub-39,pitch,STS,cca,0.06764186540567482
842,sub-39,pitch,temporal,cca,0.019179763926040462
843,sub-39,pitch,frontal,cca,0.01450807065224744
844,sub-39,amplitude,MT,cca,-0.07685727078640456
845,sub-39,amplitude,STS,cca,-0.10357481649393858
846,sub-39,amplitude,temporal,cca,0.07900324807238066
847,sub-39,amplitude,frontal,cca,-0.0322683447106499
848,sub-39,music,MT,cca,-0.028918499613570715
849,sub-39,music,STS,cca,0.17178721437928418
850,sub-39,music,temporal,cca,-0.04451668315016075
851,sub-39,music,frontal,cca,0.1269206932976965
852,sub-39,speaking,MT,cca,0.04802814347804243
853,sub-39,speaking,STS,cca,0.02643454865866248
854,sub-39,speaking,temporal,cca,0.08462577791559749
855,sub-39,speaking,frontal,cca,-0.0756827396737578
856,sub-39,turn taking,MT,cca,-0.04554247515809886
857,sub-39,turn taking,STS,cca,0.04418815113726886
858,sub-39,turn taking,temporal,cca,0.07387697117234708
859,sub-39,turn taking,frontal,cca,0.018135156180065625
860,sub-39,mentalization,MT,cca,0.026714246520127372
861,sub-39,mentalization,STS,cca,0.010759970779130578
862,sub-39,mentalization,temporal,cca,-0.005841087107032727
863,sub-39,mentalization,frontal,cca,0.019294775291084032
864,sub-39,written text,MT,cca,0.03337461386410219
865,sub-39,written text,STS,cca,-0.009148107140163364
866,sub-39,written text,temporal,cca,-0.023489591161046253
867,sub-39,written text,frontal,cca,-0.003216468518993998
868,sub-41,pixel,MT,cca,0.02193509573917605
869,sub-41,pixel,STS,cca,-0.09289184857482138
870,sub-41,pixel,temporal,cca,0.040711414799922754
871,sub-41,pixel,frontal,cca,0.1387749396258846
872,sub-41,hue,MT,cca,0.04079715417377916
873,sub-41,hue,STS,cca,-0.033236802801532205
874,sub-41,hue,temporal,cca,-0.08111970578814616
875,sub-41,hue,frontal,cca,-0.04053415902620176
876,sub-41,face,MT,cca,0.05884974635253419
877,sub-41,face,STS,cca,0.007373662096568379
878,sub-41,face,temporal,cca,-0.0007309187630806013
879,sub-41,face,frontal,cca,0.08621297784231075
880,sub-41,number of agents,MT,cca,-0.0693219903968693
881,sub-41,number of agents,STS,cca,-0.0843278971412719
882,sub-41,number of agents,temporal,cca,0.004990315720116323
883,sub-41,number of agents,frontal,cca,-0.02914487957645273
884,sub-41,social,MT,cca,0.03646918160175663
885,sub-41,social,STS,cca,0.08728273597626082
886,sub-41,social,temporal,cca,-0.05488916321035857
887,sub-41,social,frontal,cca,0.10889504452009449
888,sub-41,valence,MT,cca,-0.0997095458621335
889,sub-41,valence,STS,cca,0.025246655482721647
890,sub-41,valence,temporal,cca,0.07046179241978782
891,sub-41,valence,frontal,cca,0.1601099943999822
892,sub-41,arousal,MT,cca,0.0808040467410939
893,sub-41,arousal,STS,cca,0.0809467797869818
894,sub-41,arousal,temporal,cca,0.04793700983978368
895,sub-41,arousal,frontal,cca,0.10809045032644962
896,sub-41,pitch,MT,cca,-0.013377930677515604
897,sub-41,pitch,STS,cca,-0.04358742667469569
898,sub-41,pitch,temporal,cca,0.0017084851177455729
899,sub-41,pitch,frontal,cca,-0.13623437957588017
900,sub-41,amplitude,MT,cca,0.03681325951193672
901,sub-41,amplitude,STS,cca,-0.003747001661228566
902,sub-41,amplitude,temporal,cca,-0.03538229492735245
903,sub-41,amplitude,frontal,cca,0.08354320435065499
904,sub-41,music,MT,cca,-0.053726929959749925
905,sub-41,music,STS,cca,-0.0011776829956992474
906,sub-41,music,temporal,cca,0.0492317376358149
907,sub-41,music,frontal,cca,0.0047048097290607995
908,sub-41,speaking,MT,cca,-0.05056822662516889
909,sub-41,speaking,STS,cca,0.02562772499707955
910,sub-41,speaking,temporal,cca,-0.01932745711001682
911,sub-41,speaking,frontal,cca,0.06099353346633409
912,sub-41,turn taking,MT,cca,0.028650710579345408
913,sub-41,turn taking,STS,cca,0.0363379617260456
914,sub-41,turn taking,temporal,cca,0.03260261597743548
915,sub-41,turn taking,frontal,cca,0.06426507545448853
916,sub-41,mentalization,MT,cca,0.04083978582449048
917,sub-41,mentalization,STS,cca,0.06415568547976488
918,sub-41,mentalization,temporal,cca,0.03216148607549267
919,sub-41,mentalization,frontal,cca,0.05599580763122454
920,sub-41,written text,MT,cca,0.02415986707950215
921,sub-41,written text,STS,cca,0.038437029533124
922,sub-41,written text,temporal,cca,0.08149145507728346
923,sub-41,written text,frontal,cca,0.09559123181375254
924,sub-45,pixel,MT,cca,0.1236442142778373
925,sub-45,pixel,STS,cca,0.016509228865269333
926,sub-45,pixel,temporal,cca,0.059807221007873015
927,sub-45,pixel,frontal,cca,0.02009363990674067
928,sub-45,hue,MT,cca,0.016072584096373556
929,sub-45,hue,STS,cca,0.0454702362100043
930,sub-45,hue,temporal,cca,0.047334273579179985
931,sub-45,hue,frontal,cca,0.13533790717294739
932,sub-45,face,MT,cca,0.05549064153654726
933,sub-45,face,STS,cca,0.022121740562145886
934,sub-45,face,temporal,cca,-0.07370503968565452
935,sub-45,face,frontal,cca,0.07173087615325269
936,sub-45,number of agents,MT,cca,0.018010686016580024
937,sub-45,number of agents,STS,cca,0.02963202131690266
938,sub-45,number of agents,temporal,cca,-0.008731814585730246
939,sub-45,number of agents,frontal,cca,0.07095386624946168
940,sub-45,social,MT,cca,0.05907009478452312
941,sub-45,social,STS,cca,0.08381551515577708
942,sub-45,social,temporal,cca,-0.04611752863857266
943,sub-45,social,frontal,cca,0.03185027965193279
944,sub-45,valence,MT,cca,0.08918640886630406
945,sub-45,valence,STS,cca,0.004688068031704895
946,sub-45,valence,temporal,cca,-0.03758732105197138
947,sub-45,valence,frontal,cca,0.10516180846218263
948,sub-45,arousal,MT,cca,-0.028380574054982687
949,sub-45,arousal,STS,cca,0.04287227321783389
950,sub-45,arousal,temporal,cca,-0.016621368625973697
951,sub-45,arousal,frontal,cca,-0.10480924263768861
952,sub-45,pitch,MT,cca,0.057427269088749885
953,sub-45,pitch,STS,cca,-0.04711143884518938
954,sub-45,pitch,temporal,cca,-0.0217576483078314
955,sub-45,pitch,frontal,cca,-0.12006462194352115
956,sub-45,amplitude,MT,cca,-0.11709546208246532
957,sub-45,amplitude,STS,cca,0.053409077196411525
958,sub-45,amplitude,temporal,cca,0.01948709815482874
959,sub-45,amplitude,frontal,cca,-0.14284584388061983
960,sub-45,music,MT,cca,-0.04887164301663205
961,sub-45,music,STS,cca,0.09941332802241068
962,sub-45,music,temporal,cca,0.07661377801672957
963,sub-45,music,frontal,cca,0.0297442736226605
964,sub-45,speaking,MT,cca,-0.013427024604992566
965,sub-45,speaking,STS,cca,0.07943618793467948
966,sub-45,speaking,temporal,cca,-0.0053343802028595014
967,sub-45,speaking,frontal,cca,-0.07857185069097442
968,sub-45,turn taking,MT,cca,0.025343852637506027
969,sub-45,turn taking,STS,cca,0.032820290065525934
970,sub-45,turn taking,temporal,cca,-0.03804080076464089
971,sub-45,turn taking,frontal,cca,-0.07213887332938215
972,sub-45,mentalization,MT,cca,0.06200700218157969
973,sub-45,mentalization,STS,cca,0.05858779092234463
974,sub-45,mentalization,temporal,cca,-0.06038988543934935
975,sub-45,mentalization,frontal,cca,0.015615278439995084
976,sub-45,written text,MT,cca,0.020787560895849922
977,sub-45,written text,STS,cca,-0.02434939557308722
978,sub-45,written text,temporal,cca,0.05738913188542305
979,sub-45,written text,frontal,cca,-0.024386414266237933
980,sub-46,pixel,MT,cca,0.1334150486866604
981,sub-46,pixel,STS,cca,0.08132796250760962
982,sub-46,pixel,temporal,cca,0.15589227192486327
983,sub-46,pixel,frontal,cca,0.019095223425925935
984,sub-46,hue,MT,cca,-0.04280649550327718
985,sub-46,hue,STS,cca,0.05530882431487703
986,sub-46,hue,temporal,cca,0.050139569900102154
987,sub-46,hue,frontal,cca,-0.008068030799397686
988,sub-46,face,MT,cca,0.04041136102477631
989,sub-46,face,STS,cca,0.035262807224161016
990,sub-46,face,temporal,cca,0.0718409836924991
991,sub-46,face,frontal,cca,0.022998686553841963
992,sub-46,number of agents,MT,cca,0.015347818447408023
993,sub-46,number of agents,STS,cca,0.04151346521503034
994,sub-46,number of agents,temporal,cca,-0.004914248987711911
995,sub-46,number of agents,frontal,cca,0.03753224324781386
996,sub-46,social,MT,cca,0.05932009864627843
997,sub-46,social,STS,cca,0.09725189271389723
998,sub-46,social,temporal,cca,-0.03780987403305007
999,sub-46,social,frontal,cca,-0.061921542353186275
1000,sub-46,valence,MT,cca,0.0965913488692816
1001,sub-46,valence,STS,cca,0.042400632944605124
1002,sub-46,valence,temporal,cca,0.13656082227628752
1003,sub-46,valence,frontal,cca,0.16642958430392563
1004,sub-46,arousal,MT,cca,-0.08216331892035271
1005,sub-46,arousal,STS,cca,0.05307089797504365
1006,sub-46,arousal,temporal,cca,0.03795116546397592
1007,sub-46,arousal,frontal,cca,0.05487645453302039
1008,sub-46,pitch,MT,cca,0.07164512336041584
1009,sub-46,pitch,STS,cca,-0.08076052702079958
1010,sub-46,pitch,temporal,cca,-0.09593911003814515
1011,sub-46,pitch,frontal,cca,0.09217757833170079
1012,sub-46,amplitude,MT,cca,-0.06427229088568454
1013,sub-46,amplitude,STS,cca,0.010963311925742448
1014,sub-46,amplitude,temporal,cca,-0.0824051286678859
1015,sub-46,amplitude,frontal,cca,0.007306924546288363
1016,sub-46,music,MT,cca,-0.03501648979915686
1017,sub-46,music,STS,cca,0.05892254817876556
1018,sub-46,music,temporal,cca,0.0818093974693441
1019,sub-46,music,frontal,cca,-0.0861577997324996
1020,sub-46,speaking,MT,cca,-0.03627730649162
1021,sub-46,speaking,STS,cca,0.06272782189262809
1022,sub-46,speaking,temporal,cca,-0.0421513172519002
1023,sub-46,speaking,frontal,cca,-0.04220925985799577
1024,sub-46,turn taking,MT,cca,0.027583362729955697
1025,sub-46,turn taking,STS,cca,-0.03601867876545171
1026,sub-46,turn taking,temporal,cca,-0.06206646610972062
1027,sub-46,turn taking,frontal,cca,-0.06428814606928268
1028,sub-46,mentalization,MT,cca,0.05519510519433459
1029,sub-46,mentalization,STS,cca,-0.03191914987911635
1030,sub-46,mentalization,temporal,cca,0.04855476172596025
1031,sub-46,mentalization,frontal,cca,-0.06094327900260359
1032,sub-46,written text,MT,cca,0.037448348477413206
1033,sub-46,written text,STS,cca,-0.024189640654780242
1034,sub-46,written text,temporal,cca,0.01409831516958735
1035,sub-46,written text,frontal,cca,-0.06584892139633006
1036,sub-50,pixel,MT,cca,0.15424434434019813
1037,sub-50,pixel,STS,cca,0.05290309234278243
1038,sub-50,pixel,temporal,cca,0.026211684068419717
1039,sub-50,pixel,frontal,cca,0.049607675599555215
1040,sub-50,hue,MT,cca,0.010552010138172262
1041,sub-50,hue,STS,cca,0.061696708935071246
1042,sub-50,hue,temporal,cca,-0.012571885974084051
1043,sub-50,hue,frontal,cca,-0.006745710558360396
1044,sub-50,face,MT,cca,0.1879303877784319
1045,sub-50,face,STS,cca,-0.003587520971738778
1046,sub-50,face,temporal,cca,0.025571465541654636
1047,sub-50,face,frontal,cca,0.0452839759737768
1048,sub-50,number of agents,MT,cca,-0.03199991885546505
1049,sub-50,number of agents,STS,cca,-0.11868399271326244
1050,sub-50,number of agents,temporal,cca,-0.08707481711459746
1051,sub-50,number of agents,frontal,cca,0.07712845247385651
1052,sub-50,social,MT,cca,0.09446362504074153
1053,sub-50,social,STS,cca,-0.04822858541796286
1054,sub-50,social,temporal,cca,-0.009633093818608485
1055,sub-50,social,frontal,cca,-0.012831342675303193
1056,sub-50,valence,MT,cca,0.16786965000727688
1057,sub-50,valence,STS,cca,0.10005316965667962
1058,sub-50,valence,temporal,cca,0.04230508312909036
1059,sub-50,valence,frontal,cca,0.08613123876790696
1060,sub-50,arousal,MT,cca,0.06440500223553838
1061,sub-50,arousal,STS,cca,-0.12613197029774387
1062,sub-50,arousal,temporal,cca,-0.12043905239428807
1063,sub-50,arousal,frontal,cca,-0.014732769412871494
1064,sub-50,pitch,MT,cca,-0.031466101783350894
1065,sub-50,pitch,STS,cca,0.06364656167617326
1066,sub-50,pitch,temporal,cca,0.002834252043683594
1067,sub-50,pitch,frontal,cca,0.06544690409376255
1068,sub-50,amplitude,MT,cca,0.07943114667886315
1069,sub-50,amplitude,STS,cca,0.01057652054553615
1070,sub-50,amplitude,temporal,cca,0.07023442730749525
1071,sub-50,amplitude,frontal,cca,0.041052431373148734
1072,sub-50,music,MT,cca,-0.06983587149502342
1073,sub-50,music,STS,cca,0.04239487249529419
1074,sub-50,music,temporal,cca,0.07455720302694901
1075,sub-50,music,frontal,cca,-0.02951478558603271
1076,sub-50,speaking,MT,cca,0.08835463525753291
1077,sub-50,speaking,STS,cca,-0.05932346840798568
1078,sub-50,speaking,temporal,cca,-0.06568873216421674
1079,sub-50,speaking,frontal,cca,-0.018583165560546976
1080,sub-50,turn taking,MT,cca,0.09026773577394157
1081,sub-50,turn taking,STS,cca,0.02600326134952864
1082,sub-50,turn taking,temporal,cca,0.060945722159022386
1083,sub-50,turn taking,frontal,cca,0.03815720071393462
1084,sub-50,mentalization,MT,cca,0.10343419376124503
1085,sub-50,mentalization,STS,cca,0.026186544938966973
1086,sub-50,mentalization,temporal,cca,0.010245191938543985
1087,sub-50,mentalization,frontal,cca,-0.03230397753552172
1088,sub-50,written text,MT,cca,0.047981456748874926
1089,sub-50,written text,STS,cca,-0.008026554456622214
1090,sub-50,written text,temporal,cca,-0.044399028939870536
1091,sub-50,written text,frontal,cca,-0.009469958380615729
1092,sub-51,pixel,MT,cca,0.05792944770653437
1093,sub-51,pixel,STS,cca,0.05792944770653437
1094,sub-51,pixel,temporal,cca,0.05792944770653437
1095,sub-51,pixel,frontal,cca,0.05792944770653437
1096,sub-51,hue,MT,cca,0.09939368517810916
1097,sub-51,hue,STS,cca,0.09939368517810916
1098,sub-51,hue,temporal,cca,0.09939368517810916
1099,sub-51,hue,frontal,cca,0.09939368517810916
1100,sub-51,face,MT,cca,0.05836610157795623
1101,sub-51,face,STS,cca,0.05836610157795623
1102,sub-51,face,temporal,cca,0.05836610157795623
1103,sub-51,face,frontal,cca,0.05836610157795623
1104,sub-51,number of agents,MT,cca,-0.08042822167701809
1105,sub-51,number of agents,STS,cca,-0.08042822167701809
1106,sub-51,number of agents,temporal,cca,-0.08042822167701809
1107,sub-51,number of agents,frontal,cca,-0.08042822167701809
1108,sub-51,social,MT,cca,-0.11121546423180129
1109,sub-51,social,STS,cca,-0.11121546423180129
1110,sub-51,social,temporal,cca,-0.11121546423180129
1111,sub-51,social,frontal,cca,-0.11121546423180129
1112,sub-51,valence,MT,cca,0.07952106926791516
1113,sub-51,valence,STS,cca,0.07952106926791516
1114,sub-51,valence,temporal,cca,0.07952106926791516
1115,sub-51,valence,frontal,cca,0.07952106926791516
1116,sub-51,arousal,MT,cca,0.054556395131282034
1117,sub-51,arousal,STS,cca,0.054556395131282034
1118,sub-51,arousal,temporal,cca,0.054556395131282034
1119,sub-51,arousal,frontal,cca,0.054556395131282034
1120,sub-51,pitch,MT,cca,0.04364506265523895
1121,sub-51,pitch,STS,cca,0.04364506265523895
1122,sub-51,pitch,temporal,cca,0.04364506265523895
1123,sub-51,pitch,frontal,cca,0.04364506265523895
1124,sub-51,amplitude,MT,cca,-0.025289140999398163
1125,sub-51,amplitude,STS,cca,-0.025289140999398163
1126,sub-51,amplitude,temporal,cca,-0.025289140999398163
1127,sub-51,amplitude,frontal,cca,-0.025289140999398163
1128,sub-51,music,MT,cca,0.08090269653191881
1129,sub-51,music,STS,cca,0.08090269653191881
1130,sub-51,music,temporal,cca,0.08090269653191881
1131,sub-51,music,frontal,cca,0.08090269653191881
1132,sub-51,speaking,MT,cca,-0.061885459942606434
1133,sub-51,speaking,STS,cca,-0.061885459942606434
1134,sub-51,speaking,temporal,cca,-0.061885459942606434
1135,sub-51,speaking,frontal,cca,-0.061885459942606434
1136,sub-51,turn taking,MT,cca,0.047776840140663544
1137,sub-51,turn taking,STS,cca,0.047776840140663544
1138,sub-51,turn taking,temporal,cca,0.047776840140663544
1139,sub-51,turn taking,frontal,cca,0.047776840140663544
1140,sub-51,mentalization,MT,cca,0.020868467707843542
1141,sub-51,mentalization,STS,cca,0.020868467707843542
1142,sub-51,mentalization,temporal,cca,0.020868467707843542
1143,sub-51,mentalization,frontal,cca,0.020868467707843542
1144,sub-51,written text,MT,cca,0.0384492870390762
1145,sub-51,written text,STS,cca,0.0384492870390762
1146,sub-51,written text,temporal,cca,0.0384492870390762
1147,sub-51,written text,frontal,cca,0.0384492870390762
1148,sub-53,pixel,MT,cca,0.1327765337835209
1149,sub-53,pixel,STS,cca,0.07148789372592432
1150,sub-53,pixel,temporal,cca,0.03926943564267484
1151,sub-53,pixel,frontal,cca,0.13267799282841425
1152,sub-53,hue,MT,cca,-0.047587457746871474
1153,sub-53,hue,STS,cca,0.03254088443134524
1154,sub-53,hue,temporal,cca,0.023022160057075337
1155,sub-53,hue,frontal,cca,0.04088271444097293
1156,sub-53,face,MT,cca,0.021189560029229827
1157,sub-53,face,STS,cca,0.06267738741583054
1158,sub-53,face,temporal,cca,0.05145465329104226
1159,sub-53,face,frontal,cca,-0.03733020098242974
1160,sub-53,number of agents,MT,cca,0.010113072583858162
1161,sub-53,number of agents,STS,cca,0.007765608443667938
1162,sub-53,number of agents,temporal,cca,0.008038341634532209
1163,sub-53,number of agents,frontal,cca,-0.062098363009781776
1164,sub-53,social,MT,cca,0.0007707971500231948
1165,sub-53,social,STS,cca,0.08211212445781597
1166,sub-53,social,temporal,cca,0.04808069214246689
1167,sub-53,social,frontal,cca,-0.06174726393882644
1168,sub-53,valence,MT,cca,0.09190120732369463
1169,sub-53,valence,STS,cca,0.019162971469233358
1170,sub-53,valence,temporal,cca,0.16839587934332895
1171,sub-53,valence,frontal,cca,-0.126096768138632
1172,sub-53,arousal,MT,cca,0.06455735949090077
1173,sub-53,arousal,STS,cca,-0.03954682602672741
1174,sub-53,arousal,temporal,cca,-0.00950521714497965
1175,sub-53,arousal,frontal,cca,0.07298700972691567
1176,sub-53,pitch,MT,cca,0.07204882942645115
1177,sub-53,pitch,STS,cca,-0.0036572897707547016
1178,sub-53,pitch,temporal,cca,-0.017982634297622813
1179,sub-53,pitch,frontal,cca,0.019347164706373654
1180,sub-53,amplitude,MT,cca,0.033369559155996376
1181,sub-53,amplitude,STS,cca,0.060141667506100324
1182,sub-53,amplitude,temporal,cca,0.02488864678420426
1183,sub-53,amplitude,frontal,cca,-0.0755132032601346
1184,sub-53,music,MT,cca,-0.028833617038957128
1185,sub-53,music,STS,cca,-0.01511789713683558
1186,sub-53,music,temporal,cca,0.06908925801683947
1187,sub-53,music,frontal,cca,0.046886956767740504
1188,sub-53,speaking,MT,cca,-0.09161774328447106
1189,sub-53,speaking,STS,cca,0.04831789835629552
1190,sub-53,speaking,temporal,cca,-0.08849384440413641
1191,sub-53,speaking,frontal,cca,-0.05062725606683107
1192,sub-53,turn taking,MT,cca,0.012515298387317353
1193,sub-53,turn taking,STS,cca,0.10097260779460053
1194,sub-53,turn taking,temporal,cca,0.03533036913223151
1195,sub-53,turn taking,frontal,cca,-0.026075860713663235
1196,sub-53,mentalization,MT,cca,0.034504067872474974
1197,sub-53,mentalization,STS,cca,-0.011709083922962793
1198,sub-53,mentalization,temporal,cca,0.020343960465518895
1199,sub-53,mentalization,frontal,cca,0.09958275790949478
1200,sub-53,written text,MT,cca,0.02586522286651525
1201,sub-53,written text,STS,cca,0.03201661892287015
1202,sub-53,written text,temporal,cca,0.047656791966588806
1203,sub-53,written text,frontal,cca,-0.05416805492069239
1204,sub-54,pixel,MT,cca,0.1236442142778373
1205,sub-54,pixel,STS,cca,0.055769774657717305
1206,sub-54,pixel,temporal,cca,0.0628291069635268
1207,sub-54,pixel,frontal,cca,0.09678189220698914
1208,sub-54,hue,MT,cca,0.016072584096373556
1209,sub-54,hue,STS,cca,-0.02958805220176668
1210,sub-54,hue,temporal,cca,-0.08184174627245448
1211,sub-54,hue,frontal,cca,0.08453011274026263
1212,sub-54,face,MT,cca,0.05549064153654726
1213,sub-54,face,STS,cca,0.029078113662784545
1214,sub-54,face,temporal,cca,0.09050371584564107
1215,sub-54,face,frontal,cca,-0.020605776201998594
1216,sub-54,number of agents,MT,cca,0.018010686016580024
1217,sub-54,number of agents,STS,cca,-0.029267593272869697
1218,sub-54,number of agents,temporal,cca,0.05234198169307058
1219,sub-54,number of agents,frontal,cca,0.043491625727522056
1220,sub-54,social,MT,cca,0.05907009478452312
1221,sub-54,social,STS,cca,0.03681567581318061
1222,sub-54,social,temporal,cca,-0.030788181473142485
1223,sub-54,social,frontal,cca,-0.0066847122124191975
1224,sub-54,valence,MT,cca,0.08918640886630406
1225,sub-54,valence,STS,cca,0.1321402908944283
1226,sub-54,valence,temporal,cca,0.10445014043421672
1227,sub-54,valence,frontal,cca,0.015890319120776188
1228,sub-54,arousal,MT,cca,-0.028380574054982687
1229,sub-54,arousal,STS,cca,-0.07971298701373189
1230,sub-54,arousal,temporal,cca,0.07387518040524896
1231,sub-54,arousal,frontal,cca,0.049292721473323975
1232,sub-54,pitch,MT,cca,0.057427269088749885
1233,sub-54,pitch,STS,cca,-0.1328479652217401
1234,sub-54,pitch,temporal,cca,0.0576070508562724
1235,sub-54,pitch,frontal,cca,0.02110262853233553
1236,sub-54,amplitude,MT,cca,-0.11709546208246532
1237,sub-54,amplitude,STS,cca,0.01227709147553171
1238,sub-54,amplitude,temporal,cca,0.010137143144638806
1239,sub-54,amplitude,frontal,cca,0.039049226114261294
1240,sub-54,music,MT,cca,-0.04887164301663205
1241,sub-54,music,STS,cca,-0.020977811833774052
1242,sub-54,music,temporal,cca,0.022440552675032355
1243,sub-54,music,frontal,cca,0.08098396892474206
1244,sub-54,speaking,MT,cca,-0.013427024604992566
1245,sub-54,speaking,STS,cca,0.011165723029800966
1246,sub-54,speaking,temporal,cca,-0.022309365918943457
1247,sub-54,speaking,frontal,cca,-0.03469320916735763
1248,sub-54,turn taking,MT,cca,0.025343852637506027
1249,sub-54,turn taking,STS,cca,0.06572054648317946
1250,sub-54,turn taking,temporal,cca,0.03393245199817567
1251,sub-54,turn taking,frontal,cca,0.04777086317311019
1252,sub-54,mentalization,MT,cca,0.06200700218157969
1253,sub-54,mentalization,STS,cca,-0.010348609606433157
1254,sub-54,mentalization,temporal,cca,-0.007949239009307307
1255,sub-54,mentalization,frontal,cca,0.06904340299342851
1256,sub-54,written text,MT,cca,0.020787560895849922
1257,sub-54,written text,STS,cca,0.05725278208326769
1258,sub-54,written text,temporal,cca,0.05730738726027127
1259,sub-54,written text,frontal,cca,-0.0009243347657289736
1260,sub-55,pixel,MT,cca,0.1355579834028037
1261,sub-55,pixel,STS,cca,0.05428800751977501
1262,sub-55,pixel,temporal,cca,-0.007976715555937642
1263,sub-55,pixel,frontal,cca,0.11363590600883733
1264,sub-55,hue,MT,cca,-0.042374280738854096
1265,sub-55,hue,STS,cca,0.056693693332207216
1266,sub-55,hue,temporal,cca,0.1418472756134932
1267,sub-55,hue,frontal,cca,-0.12291512900721294
1268,sub-55,face,MT,cca,0.04465398201642019
1269,sub-55,face,STS,cca,0.039312906917782775
1270,sub-55,face,temporal,cca,-0.028855003749582497
1271,sub-55,face,frontal,cca,0.07129610195200364
1272,sub-55,number of agents,MT,cca,-0.012473969327125078
1273,sub-55,number of agents,STS,cca,0.08263564140110077
1274,sub-55,number of agents,temporal,cca,-0.04526923917581842
1275,sub-55,number of agents,frontal,cca,0.019171719888558102
1276,sub-55,social,MT,cca,0.037260844771321834
1277,sub-55,social,STS,cca,-0.005926213996069874
1278,sub-55,social,temporal,cca,0.01623037932740192
1279,sub-55,social,frontal,cca,-0.03320185753196858
1280,sub-55,valence,MT,cca,0.09473331897944677
1281,sub-55,valence,STS,cca,0.27636706732612953
1282,sub-55,valence,temporal,cca,0.03171206264875433
1283,sub-55,valence,frontal,cca,-0.028243657534561595
1284,sub-55,arousal,MT,cca,-0.09018205290063674
1285,sub-55,arousal,STS,cca,0.056398033388539416
1286,sub-55,arousal,temporal,cca,-0.06622302458700266
1287,sub-55,arousal,frontal,cca,0.1313787101989215
1288,sub-55,pitch,MT,cca,0.07257141823202366
1289,sub-55,pitch,STS,cca,0.0342284301254628
1290,sub-55,pitch,temporal,cca,0.048183039293759576
1291,sub-55,pitch,frontal,cca,-0.06125038438855257
1292,sub-55,amplitude,MT,cca,-0.04669626186899369
1293,sub-55,amplitude,STS,cca,0.008828397653116582
1294,sub-55,amplitude,temporal,cca,-0.08195657168273704
1295,sub-55,amplitude,frontal,cca,-0.0075243385191631875
1296,sub-55,music,MT,cca,-0.035240480049160514
1297,sub-55,music,STS,cca,0.0303082653846255
1298,sub-55,music,temporal,cca,0.14253672638907075
1299,sub-55,music,frontal,cca,0.06258823427830604
1300,sub-55,speaking,MT,cca,-0.03845900544330401
1301,sub-55,speaking,STS,cca,-0.0065920161780437915
1302,sub-55,speaking,temporal,cca,-0.028508777850561384
1303,sub-55,speaking,frontal,cca,-0.03138419128261001
1304,sub-55,turn taking,MT,cca,0.03139427261921468
1305,sub-55,turn taking,STS,cca,-0.055774216002559454
1306,sub-55,turn taking,temporal,cca,0.021291640030715375
1307,sub-55,turn taking,frontal,cca,0.01987577767865254
1308,sub-55,mentalization,MT,cca,0.03986325469510739
1309,sub-55,mentalization,STS,cca,0.057219649151341326
1310,sub-55,mentalization,temporal,cca,0.03433491145244416
1311,sub-55,mentalization,frontal,cca,0.10328353383243956
1312,sub-55,written text,MT,cca,0.03418851808937009
1313,sub-55,written text,STS,cca,-0.04243792485192881
1314,sub-55,written text,temporal,cca,-0.01649425099101449
1315,sub-55,written text,frontal,cca,-0.031060186745169326
1316,sub-56,pixel,MT,cca,0.03948952841391207
1317,sub-56,pixel,STS,cca,0.13151955113893754
1318,sub-56,pixel,temporal,cca,-0.009475248562064432
1319,sub-56,pixel,frontal,cca,0.11739889568653059
1320,sub-56,hue,MT,cca,-0.012031416457556187
1321,sub-56,hue,STS,cca,-0.07881463802619863
1322,sub-56,hue,temporal,cca,-0.06958314660365758
1323,sub-56,hue,frontal,cca,-0.01243580599774834
1324,sub-56,face,MT,cca,0.012150592434426667
1325,sub-56,face,STS,cca,0.08849961180990243
1326,sub-56,face,temporal,cca,0.03354873492127575
1327,sub-56,face,frontal,cca,0.06915329756998907
1328,sub-56,number of agents,MT,cca,0.07652969377633836
1329,sub-56,number of agents,STS,cca,0.0347512552197017
1330,sub-56,number of agents,temporal,cca,0.0064905919188419595
1331,sub-56,number of agents,frontal,cca,-0.002241485565017598
1332,sub-56,social,MT,cca,0.039303355807563035
1333,sub-56,social,STS,cca,0.11611510891829117
1334,sub-56,social,temporal,cca,0.011459448619645606
1335,sub-56,social,frontal,cca,0.1287509048562962
1336,sub-56,valence,MT,cca,0.2013107875714028
1337,sub-56,valence,STS,cca,0.1745467194458336
1338,sub-56,valence,temporal,cca,0.09845265256434758
1339,sub-56,valence,frontal,cca,0.14624261191432888
1340,sub-56,arousal,MT,cca,0.028380134739064956
1341,sub-56,arousal,STS,cca,0.09573183129676681
1342,sub-56,arousal,temporal,cca,0.08712605701475998
1343,sub-56,arousal,frontal,cca,0.07278505101497904
1344,sub-56,pitch,MT,cca,0.10812108800467946
1345,sub-56,pitch,STS,cca,0.016302202824128375
1346,sub-56,pitch,temporal,cca,0.057752972232598634
1347,sub-56,pitch,frontal,cca,-0.04451080246693915
1348,sub-56,amplitude,MT,cca,-0.052921735676263196
1349,sub-56,amplitude,STS,cca,0.0658858196208443
1350,sub-56,amplitude,temporal,cca,0.017109291061286537
1351,sub-56,amplitude,frontal,cca,0.07884663893897248
1352,sub-56,music,MT,cca,0.008439255723593119
1353,sub-56,music,STS,cca,-0.1378106116300141
1354,sub-56,music,temporal,cca,-0.08436491029254034
1355,sub-56,music,frontal,cca,-0.11166824529435466
1356,sub-56,speaking,MT,cca,0.051365914626900655
1357,sub-56,speaking,STS,cca,0.07811991510812515
1358,sub-56,speaking,temporal,cca,0.04983646897945189
1359,sub-56,speaking,frontal,cca,0.06032817665493786
1360,sub-56,turn taking,MT,cca,0.05528214895482928
1361,sub-56,turn taking,STS,cca,0.0719419563197397
1362,sub-56,turn taking,temporal,cca,0.013067548249992279
1363,sub-56,turn taking,frontal,cca,0.06060311944834207
1364,sub-56,mentalization,MT,cca,0.04263461129082278
1365,sub-56,mentalization,STS,cca,0.027498021118916683
1366,sub-56,mentalization,temporal,cca,0.08079367294065176
1367,sub-56,mentalization,frontal,cca,-0.019859118598593038
1368,sub-56,written text,MT,cca,0.07581729711916996
1369,sub-56,written text,STS,cca,0.06249050290247922
1370,sub-56,written text,temporal,cca,-0.04347697571625817
1371,sub-56,written text,frontal,cca,0.07908752487840434
1372,sub-57,pixel,MT,cca,0.05670611777982526
1373,sub-57,pixel,STS,cca,0.04351345522042349
1374,sub-57,pixel,temporal,cca,0.036224035607806335
1375,sub-57,pixel,frontal,cca,0.1352123533014217
1376,sub-57,hue,MT,cca,-0.008076374527756336
1377,sub-57,hue,STS,cca,0.056362628525574054
1378,sub-57,hue,temporal,cca,0.04574627631279349
1379,sub-57,hue,frontal,cca,-0.08362752298817093
1380,sub-57,face,MT,cca,0.05269804802087548
1381,sub-57,face,STS,cca,0.038585344675198384
1382,sub-57,face,temporal,cca,-0.01818787480245172
1383,sub-57,face,frontal,cca,0.07781216305861194
1384,sub-57,number of agents,MT,cca,-0.02667183532116235
1385,sub-57,number of agents,STS,cca,-0.01444557203342518
1386,sub-57,number of agents,temporal,cca,0.0002580809884739521
1387,sub-57,number of agents,frontal,cca,0.0443446436592984
1388,sub-57,social,MT,cca,0.07083708653216689
1389,sub-57,social,STS,cca,0.027836301531320728
1390,sub-57,social,temporal,cca,0.0375302396221812
1391,sub-57,social,frontal,cca,0.08477132502831083
1392,sub-57,valence,MT,cca,-0.014082929192355476
1393,sub-57,valence,STS,cca,-0.036658440739942934
1394,sub-57,valence,temporal,cca,-0.022718983488881593
1395,sub-57,valence,frontal,cca,0.15781114999987575
1396,sub-57,arousal,MT,cca,0.044495130776543636
1397,sub-57,arousal,STS,cca,0.03626476868044348
1398,sub-57,arousal,temporal,cca,0.08081433829430547
1399,sub-57,arousal,frontal,cca,0.06704533153993122
1400,sub-57,pitch,MT,cca,-0.07079195258643527
1401,sub-57,pitch,STS,cca,-0.05570369035223608
1402,sub-57,pitch,temporal,cca,0.06442409879756772
1403,sub-57,pitch,frontal,cca,0.022893828311868057
1404,sub-57,amplitude,MT,cca,-0.017791787162566776
1405,sub-57,amplitude,STS,cca,-0.06419636587776993
1406,sub-57,amplitude,temporal,cca,-0.009298457842070462
1407,sub-57,amplitude,frontal,cca,0.07281597204559902
1408,sub-57,music,MT,cca,0.031529440028513635
1409,sub-57,music,STS,cca,0.003871323536015625
1410,sub-57,music,temporal,cca,0.037374928981642255
1411,sub-57,music,frontal,cca,-0.12849524411219176
1412,sub-57,speaking,MT,cca,0.050151652720145726
1413,sub-57,speaking,STS,cca,0.010112018200384631
1414,sub-57,speaking,temporal,cca,0.0704865263470793
1415,sub-57,speaking,frontal,cca,-0.009948882951290506
1416,sub-57,turn taking,MT,cca,0.0008903130198750109
1417,sub-57,turn taking,STS,cca,0.001125392284883664
1418,sub-57,turn taking,temporal,cca,0.03808932091979596
1419,sub-57,turn taking,frontal,cca,0.05805552079159502
1420,sub-57,mentalization,MT,cca,0.026228470272628444
1421,sub-57,mentalization,STS,cca,-0.015583063899352023
1422,sub-57,mentalization,temporal,cca,0.057483843399585455
1423,sub-57,mentalization,frontal,cca,-0.03475786999331232
1424,sub-57,written text,MT,cca,0.059409997255334336
1425,sub-57,written text,STS,cca,0.03495181798438316
1426,sub-57,written text,temporal,cca,0.00477251595688899
1427,sub-57,written text,frontal,cca,0.08014037259966138
1428,sub-58,pixel,MT,cca,0.038340617148457934
1429,sub-58,pixel,STS,cca,-0.08406103445222206
1430,sub-58,pixel,temporal,cca,-0.08406103445222206
1431,sub-58,pixel,frontal,cca,-0.08406103445222206
1432,sub-58,hue,MT,cca,0.09611945376403722
1433,sub-58,hue,STS,cca,-0.036079072954187
1434,sub-58,hue,temporal,cca,-0.036079072954187
1435,sub-58,hue,frontal,cca,-0.036079072954187
1436,sub-58,face,MT,cca,0.033358175538530044
1437,sub-58,face,STS,cca,-0.03555082780418615
1438,sub-58,face,temporal,cca,-0.03555082780418615
1439,sub-58,face,frontal,cca,-0.03555082780418615
1440,sub-58,number of agents,MT,cca,0.01734668577765186
1441,sub-58,number of agents,STS,cca,-0.02230448692462501
1442,sub-58,number of agents,temporal,cca,-0.02230448692462501
1443,sub-58,number of agents,frontal,cca,-0.02230448692462501
1444,sub-58,social,MT,cca,-0.04305069570568729
1445,sub-58,social,STS,cca,0.05395075723886191
1446,sub-58,social,temporal,cca,0.05395075723886191
1447,sub-58,social,frontal,cca,0.05395075723886191
1448,sub-58,valence,MT,cca,0.1661339852565021
1449,sub-58,valence,STS,cca,-0.06231730580299746
1450,sub-58,valence,temporal,cca,-0.06231730580299746
1451,sub-58,valence,frontal,cca,-0.06231730580299746
1452,sub-58,arousal,MT,cca,0.06760241445068593
1453,sub-58,arousal,STS,cca,0.12023298699502498
1454,sub-58,arousal,temporal,cca,0.12023298699502498
1455,sub-58,arousal,frontal,cca,0.12023298699502498
1456,sub-58,pitch,MT,cca,-0.019755907520613715
1457,sub-58,pitch,STS,cca,-0.10284310195334134
1458,sub-58,pitch,temporal,cca,-0.10284310195334134
1459,sub-58,pitch,frontal,cca,-0.10284310195334134
1460,sub-58,amplitude,MT,cca,0.058816667914065146
1461,sub-58,amplitude,STS,cca,0.07972834137553893
1462,sub-58,amplitude,temporal,cca,0.07972834137553893
1463,sub-58,amplitude,frontal,cca,0.07972834137553893
1464,sub-58,music,MT,cca,0.05067611997650934
1465,sub-58,music,STS,cca,0.07474522353407309
1466,sub-58,music,temporal,cca,0.07474522353407309
1467,sub-58,music,frontal,cca,0.07474522353407309
1468,sub-58,speaking,MT,cca,0.0014279671286193674
1469,sub-58,speaking,STS,cca,0.045629722991382723
1470,sub-58,speaking,temporal,cca,0.045629722991382723
1471,sub-58,speaking,frontal,cca,0.045629722991382723
1472,sub-58,turn taking,MT,cca,-0.014894962937566158
1473,sub-58,turn taking,STS,cca,0.02869241094066577
1474,sub-58,turn taking,temporal,cca,0.02869241094066577
1475,sub-58,turn taking,frontal,cca,0.02869241094066577
1476,sub-58,mentalization,MT,cca,0.051119067205073906
1477,sub-58,mentalization,STS,cca,0.06429924650661337
1478,sub-58,mentalization,temporal,cca,0.06429924650661337
1479,sub-58,mentalization,frontal,cca,0.06429924650661337
1480,sub-58,written text,MT,cca,-0.021292899469094052
1481,sub-58,written text,STS,cca,0.0781071423069108
1482,sub-58,written text,temporal,cca,0.0781071423069108
1483,sub-58,written text,frontal,cca,0.0781071423069108
1484,sub-60,pixel,MT,cca,0.1323057256755742
1485,sub-60,pixel,STS,cca,0.016742567123479435
1486,sub-60,pixel,temporal,cca,-0.0417504431841554
1487,sub-60,pixel,frontal,cca,0.09920719803637992
1488,sub-60,hue,MT,cca,0.006370549258680103
1489,sub-60,hue,STS,cca,0.03787954244605076
1490,sub-60,hue,temporal,cca,-0.01536830684457673
1491,sub-60,hue,frontal,cca,0.13897979170835736
1492,sub-60,face,MT,cca,0.049499513484890054
1493,sub-60,face,STS,cca,0.08303182407153482
1494,sub-60,face,temporal,cca,0.05047051529214954
1495,sub-60,face,frontal,cca,0.026660630889816073
1496,sub-60,number of agents,MT,cca,0.032140743467047914
1497,sub-60,number of agents,STS,cca,0.020221823970573528
1498,sub-60,number of agents,temporal,cca,-0.08180225207152811
1499,sub-60,number of agents,frontal,cca,0.06820481987789906
1500,sub-60,social,MT,cca,0.03173224268952668
1501,sub-60,social,STS,cca,0.034958572637623565
1502,sub-60,social,temporal,cca,-0.020306058633046707
1503,sub-60,social,frontal,cca,-0.02367386064094492
1504,sub-60,valence,MT,cca,0.08919348462876746
1505,sub-60,valence,STS,cca,0.07001760845270728
1506,sub-60,valence,temporal,cca,0.032032196832238145
1507,sub-60,valence,frontal,cca,0.061439712585311446
1508,sub-60,arousal,MT,cca,0.03068562762616218
1509,sub-60,arousal,STS,cca,0.12346588516472465
1510,sub-60,arousal,temporal,cca,0.04379686813109331
1511,sub-60,arousal,frontal,cca,0.0936048637742489
1512,sub-60,pitch,MT,cca,0.06580265355307438
1513,sub-60,pitch,STS,cca,0.050967528113015435
1514,sub-60,pitch,temporal,cca,0.041222496952321094
1515,sub-60,pitch,frontal,cca,-0.028668674869689735
1516,sub-60,amplitude,MT,cca,0.002762251943157867
1517,sub-60,amplitude,STS,cca,0.014576557113072108
1518,sub-60,amplitude,temporal,cca,0.042605071253048174
1519,sub-60,amplitude,frontal,cca,0.025403350506176613
1520,sub-60,music,MT,cca,0.04575454742691587
1521,sub-60,music,STS,cca,0.12043118304203512
1522,sub-60,music,temporal,cca,-0.005474490801136778
1523,sub-60,music,frontal,cca,0.057856699577623585
1524,sub-60,speaking,MT,cca,0.014062020369830796
1525,sub-60,speaking,STS,cca,0.012944825115218795
1526,sub-60,speaking,temporal,cca,0.020852685385348922
1527,sub-60,speaking,frontal,cca,-0.0759417979671196
1528,sub-60,turn taking,MT,cca,0.016573751280637428
1529,sub-60,turn taking,STS,cca,0.059461233778781805
1530,sub-60,turn taking,temporal,cca,-0.015063939142302151
1531,sub-60,turn taking,frontal,cca,-0.04985125112099427
1532,sub-60,mentalization,MT,cca,0.08171539997268588
1533,sub-60,mentalization,STS,cca,0.0375389302296909
1534,sub-60,mentalization,temporal,cca,0.047130416960619106
1535,sub-60,mentalization,frontal,cca,0.09306295281102203
1536,sub-60,written text,MT,cca,0.016464202516060133
1537,sub-60,written text,STS,cca,0.03871570881925608
1538,sub-60,written text,temporal,cca,-0.024150228481904866
1539,sub-60,written text,frontal,cca,0.04407081561188793
1540,sub-61,pixel,MT,cca,-0.004167138460295883
1541,sub-61,pixel,STS,cca,0.1581691810537106
1542,sub-61,pixel,temporal,cca,-0.022232395234772072
1543,sub-61,pixel,frontal,cca,0.005670264488018484
1544,sub-61,hue,MT,cca,0.00986465185419283
1545,sub-61,hue,STS,cca,0.008881838195466507
1546,sub-61,hue,temporal,cca,0.007385522464193883
1547,sub-61,hue,frontal,cca,0.004742715102036943
1548,sub-61,face,MT,cca,0.028506375213484425
1549,sub-61,face,STS,cca,0.046505048455908284
1550,sub-61,face,temporal,cca,0.03880231229065467
1551,sub-61,face,frontal,cca,-0.003954999723857999
1552,sub-61,number of agents,MT,cca,0.025020613305105542
1553,sub-61,number of agents,STS,cca,0.008163105868189312
1554,sub-61,number of agents,temporal,cca,-0.08026013617203683
1555,sub-61,number of agents,frontal,cca,-0.03618537126014816
1556,sub-61,social,MT,cca,0.03915992601294101
1557,sub-61,social,STS,cca,0.011747406366903945
1558,sub-61,social,temporal,cca,0.0404501615427076
1559,sub-61,social,frontal,cca,0.0450411179934038
1560,sub-61,valence,MT,cca,0.05070851389583497
1561,sub-61,valence,STS,cca,0.13401262700067787
1562,sub-61,valence,temporal,cca,0.07832448314818144
1563,sub-61,valence,frontal,cca,0.16760664101906184
1564,sub-61,arousal,MT,cca,0.018547994789329936
1565,sub-61,arousal,STS,cca,-0.11087515942030761
1566,sub-61,arousal,temporal,cca,-0.06365768813306312
1567,sub-61,arousal,frontal,cca,-0.06300223977153667
1568,sub-61,pitch,MT,cca,0.02920097201207079
1569,sub-61,pitch,STS,cca,0.03973509987731498
1570,sub-61,pitch,temporal,cca,0.039852641803144497
1571,sub-61,pitch,frontal,cca,0.002881496184219601
1572,sub-61,amplitude,MT,cca,-0.022107389355882568
1573,sub-61,amplitude,STS,cca,-0.0936916107529688
1574,sub-61,amplitude,temporal,cca,-0.027987141350830313
1575,sub-61,amplitude,frontal,cca,-0.08667783139615719
1576,sub-61,music,MT,cca,-0.03792891061828709
1577,sub-61,music,STS,cca,0.03967413787522123
1578,sub-61,music,temporal,cca,0.004340242848675358
1579,sub-61,music,frontal,cca,0.025963821461385605
1580,sub-61,speaking,MT,cca,0.014509719616644245
1581,sub-61,speaking,STS,cca,-0.04905632909757811
1582,sub-61,speaking,temporal,cca,0.05065813335493789
1583,sub-61,speaking,frontal,cca,-0.014636188375152348
1584,sub-61,turn taking,MT,cca,0.0020732647452462506
1585,sub-61,turn taking,STS,cca,0.04266345259521849
1586,sub-61,turn taking,temporal,cca,0.05945435597164361
1587,sub-61,turn taking,frontal,cca,-0.03645012017621498
1588,sub-61,mentalization,MT,cca,0.02533874092244557
1589,sub-61,mentalization,STS,cca,0.042910257780210556
1590,sub-61,mentalization,temporal,cca,0.041541644020452594
1591,sub-61,mentalization,frontal,cca,0.003255829450452907
1592,sub-61,written text,MT,cca,-0.019595257011493738
1593,sub-61,written text,STS,cca,0.04796906259359823
1594,sub-61,written text,temporal,cca,-0.016766945818558664
1595,sub-61,written text,frontal,cca,0.023786691638317304
1596,sub-62,pixel,MT,cca,0.1334150486866604
1597,sub-62,pixel,STS,cca,0.0032268225555116105
1598,sub-62,pixel,temporal,cca,-0.10852586767627544
1599,sub-62,pixel,frontal,cca,0.17369252716485306
1600,sub-62,hue,MT,cca,-0.04280649550327718
1601,sub-62,hue,STS,cca,-0.024166207826975872
1602,sub-62,hue,temporal,cca,0.08404727187414045
1603,sub-62,hue,frontal,cca,0.07984855601181792
1604,sub-62,face,MT,cca,0.04041136102477631
1605,sub-62,face,STS,cca,0.07034979821807885
1606,sub-62,face,temporal,cca,-0.01823696335772933
1607,sub-62,face,frontal,cca,0.09979062530276542
1608,sub-62,number of agents,MT,cca,0.015347818447408023
1609,sub-62,number of agents,STS,cca,0.014793405596399568
1610,sub-62,number of agents,temporal,cca,-0.007688829917149254
1611,sub-62,number of agents,frontal,cca,-0.019158027452495462
1612,sub-62,social,MT,cca,0.05932009864627843
1613,sub-62,social,STS,cca,-0.034601340770143076
1614,sub-62,social,temporal,cca,0.014598375263617758
1615,sub-62,social,frontal,cca,0.10970262484192939
1616,sub-62,valence,MT,cca,0.0965913488692816
1617,sub-62,valence,STS,cca,0.17714361636723192
1618,sub-62,valence,temporal,cca,0.033898216697869764
1619,sub-62,valence,frontal,cca,0.15563174247826436
1620,sub-62,arousal,MT,cca,-0.08216331892035271
1621,sub-62,arousal,STS,cca,0.054231603708308596
1622,sub-62,arousal,temporal,cca,-0.041855190301679834
1623,sub-62,arousal,frontal,cca,0.07893171457520975
1624,sub-62,pitch,MT,cca,0.07164512336041584
1625,sub-62,pitch,STS,cca,-0.006443460788680499
1626,sub-62,pitch,temporal,cca,0.0034745133565170947
1627,sub-62,pitch,frontal,cca,-0.12200040254273585
1628,sub-62,amplitude,MT,cca,-0.06427229088568454
1629,sub-62,amplitude,STS,cca,0.013279129525739508
1630,sub-62,amplitude,temporal,cca,0.01543099488880706
1631,sub-62,amplitude,frontal,cca,0.07152201783424297
1632,sub-62,music,MT,cca,-0.03501648979915686
1633,sub-62,music,STS,cca,0.010241775670618281
1634,sub-62,music,temporal,cca,0.03726296033403496
1635,sub-62,music,frontal,cca,-0.03968308373058034
1636,sub-62,speaking,MT,cca,-0.03627730649162
1637,sub-62,speaking,STS,cca,-0.01992871616709102
1638,sub-62,speaking,temporal,cca,3.0445317396199378e-05
1639,sub-62,speaking,frontal,cca,0.06100571011750078
1640,sub-62,turn taking,MT,cca,0.027583362729955697
1641,sub-62,turn taking,STS,cca,-0.06636674723455842
1642,sub-62,turn taking,temporal,cca,0.03065616055499589
1643,sub-62,turn taking,frontal,cca,0.07556736393844576
1644,sub-62,mentalization,MT,cca,0.05519510519433459
1645,sub-62,mentalization,STS,cca,0.04593793853199439
1646,sub-62,mentalization,temporal,cca,0.0297928347136035
1647,sub-62,mentalization,frontal,cca,-0.026565657968358282
1648,sub-62,written text,MT,cca,0.037448348477413206
1649,sub-62,written text,STS,cca,-0.04529288569453103
1650,sub-62,written text,temporal,cca,-0.051078580145103136
1651,sub-62,written text,frontal,cca,0.08806931254980706
